female,urban,edu,exp,wage
1,1,4,17.72715187,NA
0,NA,1,7.901756763,34497.08594
0,0,3,23.71828079,NA
0,1,NA,23.97673798,75486.74219
0,1,2,25.44634438,51890.10156
0,NA,1,NA,124743
1,1,4,10.08619881,66897.09375
0,0,1,NA,14962.6543
1,0,3,0,25374.85156
1,1,1,0.213173464,0
1,1,1,0,66817.35156
1,1,4,14.07599068,37049.32813
1,0,2,13.36889172,55470.38281
0,1,3,13.30548477,89180.53906
1,1,NA,5.63809824,61081.85547
0,1,3,11.84628963,103220.8906
0,1,2,20.54883194,35363.82422
0,1,1,17.11511612,58514.41016
0,0,3,NA,NA
1,1,3,2.639638424,114314.3828
1,0,1,12.04524994,53037.03516
1,NA,3,4.458153725,20339.0332
0,1,1,NA,NA
1,1,4,11.81947041,NA
0,1,4,4.26138401,159559.7813
0,1,1,NA,88882.625
0,1,2,22.41077614,64369.47656
1,0,3,27.34457588,106116.2578
0,1,2,24.01400757,87287.88281
1,0,1,23.01898575,51241.94531
0,0,2,7.881484509,47481.36719
1,1,NA,13.03176785,73579.63281
1,0,2,33.05134583,90579.17969
1,1,2,4.795510769,36742.23438
0,1,2,33.88205719,109221.1328
1,1,3,15.56137562,40086.05859
0,1,2,0,57464.40625
0,NA,4,18.0030098,116788.7578
0,0,2,24.21640015,25021.45313
1,0,2,11.13562393,64607.58594
1,1,3,14.37382793,87685.08594
1,NA,NA,4.930109978,NA
0,NA,2,18.64319229,40844.42969
1,0,4,4.683781147,54638.23047
0,1,1,28.19686127,NA
1,1,4,NA,119568.9922
0,1,2,34.38797379,76562.35156
1,1,3,0,11975.2959
0,0,3,22.40193558,127142.2422
0,1,1,23.00033379,104366.4922
0,1,3,13.16447353,105660.4922
0,1,1,4.918714523,58647.625
0,1,2,19.6087513,36704.18359
0,0,2,5.298899651,52985.10547
0,0,2,11.11846733,106302.0703
1,0,3,23.82505608,120566.9453
0,1,NA,10.42422771,86523.21875
1,0,2,25.22053146,73685.89844
1,NA,3,31.74455452,169072.4844
0,0,NA,22.08094215,113447.5078
0,0,2,14.59778214,95310
0,0,2,19.55645561,79977.17188
1,1,4,14.22034836,NA
1,1,3,23.52366066,95941.35156
1,1,3,0,59759.23438
1,1,2,33.62033081,47389.72266
1,0,2,18.68401146,82783.42969
1,1,2,9.882106781,14019.80469
0,1,2,36.10220337,165566.3594
1,0,1,NA,23772.01953
0,0,3,NA,71697.83594
1,1,3,17.2793045,59110.08984
1,1,1,NA,NA
0,0,3,26.56678772,94443.10938
0,1,NA,23.30536842,119875.9375
1,NA,1,20.70254707,26326.7207
1,0,2,21.43666267,NA
1,1,NA,4.388478279,19517.16602
1,1,3,20.7827549,56648.64453
1,1,2,22.375103,100641.7422
1,1,NA,NA,36497.35547
0,1,3,31.23294258,179326.9375
1,1,3,5.497294426,67851.07031
1,1,NA,10.90475178,74640.76563
1,1,3,NA,86814.03125
0,1,2,14.4293623,76523.3125
1,1,3,30.0982933,116541.9375
0,1,3,30.81215477,130663.0156
0,1,1,24.20327377,NA
1,0,1,8.354859352,8198.466797
0,NA,1,11.83663368,23121.00781
0,1,3,31.04422951,170525.2969
0,1,2,5.790455341,12665.7793
0,1,2,16.56841278,26580.94922
0,0,3,18.65582848,59180.69922
1,1,NA,1.540805101,61311.46484
0,1,3,NA,125742.6484
1,1,2,15.53774548,18079.08594
0,1,1,NA,151885.7969
0,0,3,14.26071548,50487.85938
0,0,3,28.31297112,NA
0,1,3,32.80422592,122499.1953
0,0,2,NA,66986.38281
0,NA,3,29.5538311,133364.8906
1,1,4,15.58656025,139173.4531
0,1,1,36.22121811,128901.3672
0,1,2,9.823765755,79017.67188
0,0,3,18.14083099,98728.3125
0,NA,2,18.50349998,142291.8125
1,1,3,18.18164063,115762.5078
0,0,3,34.69585419,120655.4844
0,1,3,24.2455616,111399.7734
0,1,NA,27.86028099,106594.7031
0,1,1,12.85524082,62405.66016
0,1,2,14.62400341,97914.46094
0,1,NA,17.73096466,74526.125
1,1,2,19.63669586,55003.41016
1,0,NA,17.84955597,69535.20313
1,NA,2,0,55830.19531
1,1,3,12.97598743,96538.85938
1,0,1,12.75268745,NA
1,1,2,14.37531948,93296.53906
0,NA,3,24.82725334,142094.8125
1,1,4,24.37716866,73423.75
0,1,2,11.43913651,61638.72266
0,1,3,23.37164307,NA
0,1,3,6.857979298,95456.53125
0,1,2,15.10936356,43218.29688
0,0,2,16.69626999,68080.4375
0,1,NA,22.25488663,NA
0,1,3,12.14502144,84875.34375
1,1,3,16.98081398,122505.3359
0,1,2,13.9615221,88477.72656
0,1,4,28.78546715,170798.8438
0,NA,2,15.99615955,NA
0,1,2,25.86019516,122496.7656
0,NA,3,11.87112427,NA
0,1,2,31.41544914,191079.2344
0,0,3,9.408233643,72126.92188
0,0,2,20.81150055,70359.20313
1,1,3,0,69463.42188
1,1,3,NA,NA
0,0,2,14.12706947,59999.67188
0,1,4,NA,80791.30469
0,0,3,10.69466019,72619.17188
1,1,3,NA,28429.95508
1,1,3,10.07464695,48610.94141
0,1,3,19.38348961,116395.6094
0,1,2,28.6781559,86714.90625
0,1,2,31.3223381,119815.8281
0,0,1,23.47482109,79547.52344
0,1,2,23.07093239,81806.57031
1,1,1,6.280333042,1035.491089
0,1,3,36.72877884,140626.0938
1,1,4,NA,101149.3281
1,1,2,22.42087746,91771.1875
1,1,3,18.43595695,70413.86719
1,0,3,17.88150787,9684.217773
0,1,1,26.77576828,NA
1,1,2,6.166165352,66338.65625
1,1,2,0.754285097,0
0,0,2,7.254175186,137162.2969
1,NA,2,16.41974449,9526.391602
0,1,3,28.84867668,109484.9531
0,0,2,11.94157791,70878.91406
1,1,2,14.30407143,19013.10156
0,1,2,14.58484364,99771.71094
1,0,1,15.27510548,30981.19727
1,1,3,9.430927277,59239.27344
1,0,3,15.82683182,30871.0957
1,0,1,15.25401878,57330.06641
1,0,2,20.6331234,77408.39844
0,NA,2,18.22779083,37979.14844
1,1,3,NA,27276.57422
1,0,1,18.82931328,0
0,0,2,6.884425163,90314.07813
1,0,NA,0,NA
0,0,3,24.35989761,136805.8281
1,0,2,NA,26973.27344
1,1,1,14.99462605,72312.70313
1,1,4,10.55872345,161670.2656
0,1,2,19.07182884,NA
0,0,3,9.703415871,77577.35938
0,0,3,25.97115326,93827.29688
0,1,NA,18.41451263,67666.63281
1,1,2,0.666655481,30818.52148
1,1,3,8.520325661,94114.39844
0,NA,3,25.87830734,106199.6719
1,1,4,1.533075809,83707.16406
0,1,4,5.401313305,152546.4844
0,1,3,6.905568123,99206.16406
0,1,1,12.79531765,36542.82422
1,1,NA,9.890878677,0
0,1,3,23.93007851,NA
0,1,2,14.90948963,22223.51172
0,1,2,20.03422546,94100.39063
0,1,3,NA,93481.07813
0,1,3,16.99583054,86265.5625
0,0,4,42.93732071,192810.7656
0,1,3,13.71125412,75213.57813
1,0,2,16.31389046,70529.89844
0,NA,NA,30.24749947,120526.1016
0,1,NA,24.10470772,87412.3125
1,1,3,14.62096214,76156.04688
0,0,1,NA,193577.875
1,0,1,0,NA
0,1,1,19.45090675,49658.60547
0,0,2,33.53513718,78073.07031
0,0,3,14.03577614,55326.07422
0,1,1,24.55495834,107532.3438
0,1,NA,0,77191.14063
1,1,3,19.69540405,73047.77344
1,1,4,24.95657539,116315
1,1,2,10.0532608,23814.57617
1,1,NA,13.99233723,NA
1,1,NA,0,33972.26563
0,1,2,26.7710495,156008.6406
1,0,NA,10.85353947,94568.28906
1,1,NA,12.2525692,34649.80469
0,1,NA,10.63698959,46911.30078
0,1,NA,4.683650494,NA
1,1,3,11.7842083,65288.49609
0,1,2,15.56976795,111442.7422
0,0,2,16.30565643,61567.41016
1,1,4,14.85558796,61908.75
1,0,2,12.85703754,44388.75391
1,0,1,14.94091892,18461.25781
1,1,4,20.22136688,125383.7344
1,1,NA,3.215201378,NA
1,1,3,42.78988266,83006.1875
0,NA,3,12.31100368,96260.92969
1,0,1,28.94959259,59959.32031
0,1,1,23.3676796,109741.1875
1,1,4,14.02754879,61112.09766
0,0,1,6.982918739,55652.02344
0,NA,2,14.34770298,52166.32031
1,0,3,0,31934.29102
0,0,1,33.36639786,NA
0,0,2,19.33733177,39494.08203
0,0,2,26.10445976,53020.85938
1,1,4,8.34220314,87347.41406
0,0,1,15.31122875,103856.7969
0,0,1,21.1558342,41074.09375
0,1,3,34.37676239,126539.7813
0,0,3,1.716503739,38547.05469
1,1,NA,9.055912018,7376.859375
1,0,1,1.159017563,0
0,1,2,43.11138153,186806.3125
1,1,3,7.944404602,65226.14844
0,1,2,19.85085869,14896.31738
1,1,1,18.47792816,81494.50781
0,1,1,20.93345451,90198.76563
1,1,2,0,0
0,0,2,20.60538292,80823.39844
0,1,NA,25.31902313,115131.9297
0,1,2,16.03046417,111845.9453
0,1,NA,19.40618324,NA
1,0,3,3.227846384,88409.53906
0,1,1,NA,41559.79297
0,1,NA,29.42415047,80996.27344
1,1,4,21.73939323,122188.9453
1,0,1,33.97520065,84908.17188
1,1,4,3.957053423,38721.17578
0,0,1,33.44798279,74008.03125
1,1,3,4.873215199,44165.875
0,NA,2,14.72199631,67361.80469
0,0,2,14.81919193,67098.92188
0,0,2,23.50674057,114395.3438
1,1,2,16.77400398,NA
1,1,3,12.44764328,55100.12891
1,1,2,12.83292675,35796.33594
1,0,3,9.160839081,25726.35352
0,NA,2,NA,97769.9375
0,1,2,NA,40860.17188
1,1,2,24.46683502,83292.10938
0,0,3,19.70316315,83853.51563
0,1,1,19.79121208,97365.02344
1,1,4,13.70230103,41956.24609
1,0,2,10.15803528,40003.87891
0,1,2,18.89001656,95403.07031
0,NA,1,21.85399246,21525.7832
1,1,3,NA,52149.47656
1,0,2,16.67490959,42660.63281
1,0,NA,9.214624405,27361.63867
1,NA,3,2.940525532,63890.83984
0,NA,4,13.95673084,175735.0938
1,0,3,0.47203666,31178.84375
1,NA,1,9.078971863,5474.319336
1,1,3,19.35377502,60151.64063
0,0,2,NA,77117.59375
1,1,4,NA,94353.75
1,1,4,5.562653065,84261.54688
0,1,3,17.2977066,105277.3984
1,1,2,9.073011398,7642.845703
1,1,3,2.82549572,51294.28516
1,0,2,0,18561.80664
1,1,3,21.01280975,79979.5625
0,1,NA,18.50882721,75109.65625
0,1,3,22.44937515,50095.41797
1,NA,NA,16.92002869,82369.84375
1,1,3,5.048419476,19216.22461
1,1,2,3.88361001,66509.21094
1,1,3,NA,67662.09375
0,1,2,4.964590073,73351.54688
0,1,NA,12.47470951,67284.32031
0,0,1,21.07734871,53719.13281
1,0,3,17.41069603,84598.64844
1,1,2,9.175730705,64169.55078
1,NA,4,3.05604887,40009.77734
1,NA,NA,14.51273918,54280.05078
1,0,2,NA,11998.7832
0,0,NA,12.48100185,65198.09766
0,1,4,22.78490639,139680.1719
1,0,2,2.282050371,14340.20313
1,1,3,8.535971642,57223.46484
0,1,3,12.01394558,75789.00781
1,1,2,19.29430199,NA
0,1,3,15.73537636,119079.2656
1,1,4,16.75016975,114052.0156
0,1,1,0,NA
1,0,3,23.16522408,49564.34766
0,1,2,13.39488697,67763.4375
0,1,NA,1.103360415,46101.94141
0,1,1,21.72399902,74275.80469
0,0,4,7.910689354,85647.53125
0,1,2,17.75368309,93843.10156
1,1,3,14.6193018,40971.91406
1,1,3,0,39459.96484
1,0,2,7.700958252,41606.05859
1,1,1,11.70663452,34838.08984
0,0,2,16.6620903,43346.15234
0,1,3,35.86724472,NA
0,1,3,7.305442333,70712.89844
1,1,1,8.882835388,53279.98047
0,0,3,15.53755093,124375.7578
0,0,1,21.30331612,39519.27344
0,1,NA,32.5394249,115146.0156
1,NA,3,10.82981968,92888.82813
0,NA,NA,4.37040329,1170.627686
0,0,2,17.19961929,55011.63281
0,0,3,21.70303345,86084.01563
0,1,NA,13.12692738,53395.65625
1,1,4,37.62440109,84447.5625
0,1,2,27.86919975,82859.28125
0,1,1,12.19031811,80322.55469
0,1,4,0.827545881,51388.27344
1,1,4,12.76725006,107907.3047
0,1,4,35.1671257,130271.8828
0,1,1,20.42534828,98020.42188
0,1,NA,29.67206764,NA
0,0,2,11.24804401,50914.98047
0,1,2,0,43305.28125
0,1,3,25.46142006,85998.3125
0,1,2,7.033137321,75022
0,0,3,10.38021755,31417.79102
1,1,3,13.8137207,74253.10938
1,1,3,12.34816933,37688.98438
1,1,NA,6.826929092,68885.60938
0,1,1,18.59158516,61322.66406
1,0,3,NA,46686.94141
0,0,2,37.99513626,NA
1,0,3,11.99034882,44393.1875
1,0,3,5.525987148,42775.08594
1,1,3,20.43501472,121665.4609
1,0,1,13.96239567,30483.96484
1,0,4,9.529616356,102535.9922
0,1,2,17.110672,90611.78125
1,1,3,NA,55002.5625
0,1,2,22.99353218,105369.3203
0,1,2,25.31036186,NA
1,NA,2,15.27328873,54921.05469
0,NA,2,15.31891441,NA
0,1,3,25.70886993,115822.9219
0,1,3,NA,105727.9609
0,1,2,NA,83664.92188
0,0,2,20.51148987,74632.59375
1,0,1,10.00186157,51648.0625
0,1,2,16.70366478,119952.0781
0,0,3,18.71918869,160259.3125
0,1,3,19.61362839,104883.5313
1,1,3,15.4032011,108382.4688
1,1,3,NA,89613.61719
1,NA,NA,11.05756378,38703.13672
0,1,2,7.02844429,NA
0,NA,1,9.384784698,45810.26563
0,0,2,21.04680252,74634.78906
0,1,2,24.1375618,91074.67969
1,1,1,NA,0
0,0,4,25.4227829,139803.2344
0,NA,3,11.61094189,65370.72656
0,0,2,5.666754246,47280.13281
1,1,3,11.83685207,74702.60156
1,1,3,8.264252663,22587.32813
1,1,1,10.8947897,32250.08203
0,1,3,11.21346951,44744.73828
1,1,4,3.483410597,78106.30469
1,1,3,5.355427742,63053.5
1,NA,1,16.4461174,95474.19531
0,0,1,31.87115097,73619.63281
0,0,NA,0,57874.625
1,1,3,15.83576393,9541.311523
0,0,NA,2.495430946,61776.51953
0,1,2,0,18139.91992
0,1,NA,18.95192719,98665.07031
0,1,3,31.75225449,156339.4844
0,1,2,4.617667675,30465.61523
1,1,2,7.157597542,NA
0,NA,3,11.1633482,31498.97852
1,1,NA,17.64477158,105450.9219
1,NA,2,29.82984352,70387.05469
0,0,3,10.48257351,66248.35156
0,0,3,35.10495758,134057.6563
1,1,3,15.30895424,41727.54297
0,1,1,20.7931633,118861.9766
1,1,3,0,44658.28125
1,1,2,18.64967155,2447.65918
1,1,3,0,9548.52832
0,0,NA,14.90422058,83475.46094
0,1,2,47.86230469,104129.8516
0,NA,4,14.54585743,150636.6406
0,0,NA,26.81089401,87775.8125
1,1,2,NA,0
1,1,4,NA,100895.9531
1,0,NA,NA,77004.03906
0,0,1,29.08898163,48661.10156
0,1,3,12.2881546,26819.53125
1,0,1,15.01262474,51776.55469
0,1,NA,20.9582901,179722.5156
1,NA,2,22.16517067,62347.32031
1,0,1,13.54099464,51108.59375
0,0,3,21.65802956,97615.09375
1,1,NA,0,90014.85938
0,1,1,24.03293991,101207.9141
0,0,3,18.48797035,NA
1,1,2,14.15274239,67376.41406
1,1,4,14.06707573,NA
0,0,4,18.31690598,86111.76563
0,0,1,14.99093628,75171.14844
0,0,2,11.25430107,87946.42188
0,0,3,30.10786819,145965.4844
1,1,2,8.794395447,50642.45703
1,0,3,10.10332775,34863.48828
1,1,2,14.7202034,39335.51563
0,0,1,17.65485764,98398.96875
0,0,1,17.70798683,79167.96875
1,0,1,27.71495628,103517.2734
0,0,NA,35.7457962,75283.3125
0,1,3,11.72460365,98948.26563
1,1,2,7.721171379,84080.35156
1,1,3,NA,22157.80664
0,0,NA,12.00145435,52277.83594
0,1,NA,NA,124554.0234
1,1,2,16.84753609,23687.25391
1,NA,3,22.09435081,43974.375
0,1,NA,30.29804802,NA
1,NA,4,21.47729301,43904.48828
0,0,2,14.52511692,46378.69531
1,0,2,NA,0
0,NA,NA,22.5577507,93077.29688
0,0,NA,15.22126007,52649.71484
1,NA,4,5.508215904,90581.86719
1,1,3,11.45770359,NA
0,1,1,7.516245365,49204.28906
1,1,4,20.68499756,118048.7344
1,1,3,10.06757355,65834.36719
1,1,2,14.67265892,87504.28906
0,1,NA,20.11375618,105583.2266
1,1,3,2.246721268,79307.01563
0,1,4,26.18755913,141616.8594
0,1,2,10.83170509,53788.11719
0,1,3,13.47813988,87175.89063
0,1,2,28.80709457,110500.1719
0,0,2,23.21355629,147729.25
1,1,2,27.63684464,101460.5469
0,1,3,18.25440979,76620.67969
1,1,3,9.604001999,62686.19922
0,0,2,32.15957642,74070.78906
1,1,3,12.04387951,73496.35156
0,0,1,24.04170036,72413.23438
0,1,3,18.52948189,160733.875
1,1,3,6.617970943,71291.8125
0,NA,2,12.48010826,130322.4688
0,1,1,28.06115723,90725.80469
0,1,3,NA,68883.84375
0,1,3,18.30005455,94991.17969
1,0,1,12.90364361,60706.27344
0,1,2,NA,122572.4375
1,1,NA,7.887898922,100260.1641
0,1,2,36.90031433,80649.13281
1,1,3,9.742904663,39471.91016
0,0,NA,28.6396637,106808.1406
0,1,2,24.10643387,74815.17969
0,1,NA,32.07620239,104160.875
0,1,3,14.8371582,82523.97656
1,0,NA,12.98952484,NA
0,1,2,8.417203903,19903.55859
0,0,3,7.023591995,113725.5859
0,0,3,20.13186836,104581.9297
0,0,2,21.90045738,92601.53125
1,1,3,22.30950356,82464.20313
0,1,2,32.09721756,128469.2578
0,1,3,27.36025047,121052.2031
0,0,1,23.05804253,NA
1,0,2,8.710087776,51857.51172
1,0,1,15.84116268,NA
0,NA,4,9.317577362,97843.08594
1,1,2,5.106110573,34757.44141
1,1,NA,24.57905579,32748.70508
0,1,2,18.9194088,73928.28906
0,0,2,14.12247086,99394.54688
1,0,2,NA,57465.00781
0,1,2,35.46910477,117563.9453
0,NA,2,17.77527809,58458.27734
0,NA,2,16.9041214,90069.66406
0,0,3,25.67586327,109134.7344
1,0,NA,0.576647043,6564.880371
0,1,4,20.85505486,112213.2656
0,1,2,24.48163223,106322.2422
0,0,1,37.72469711,147492.625
0,1,1,16.57030106,101768.5703
1,1,NA,22.26687622,68378.17969
0,0,3,26.73848724,114322.8359
0,1,2,26.51752663,38131.44922
1,1,2,11.5626936,23545.35742
1,1,2,18.03625298,73301.46094
1,1,2,8.607047081,32650.45898
1,0,2,9.239638329,19714.10156
0,1,3,26.8079071,47352.06641
1,NA,3,22.68950081,139724.625
1,0,1,24.32880211,NA
0,0,2,18.27149582,NA
0,1,2,0,0
1,NA,2,17.9013443,47374.10156
0,1,3,NA,144495.7969
0,0,4,33.35095978,NA
1,1,4,4.466768265,89506.76563
1,0,1,25.22387123,39388.6875
0,1,3,2.171843529,74045.99219
0,1,1,0,47882.26172
0,0,1,NA,93739.00781
0,1,3,24.30458832,NA
0,1,3,4.979291916,72237.89063
1,1,2,13.65214539,20550.63086
1,0,NA,27.80615044,121391.5859
0,0,3,5.84122467,99295.49219
0,1,1,16.8594532,65430.19922
1,1,3,20.05311394,58779.31641
1,1,1,3.383715153,13915.57129
1,0,1,22.38598061,NA
0,0,NA,29.041008,102437.2734
1,1,3,0,50948.22656
0,1,3,NA,34575.24609
1,1,3,NA,NA
1,1,2,NA,17008.63281
1,0,3,12.71320152,NA
1,1,3,6.148745537,57857.18359
0,1,2,33.22303009,101583.1328
1,1,2,19.55772972,112901.9922
1,1,3,19.90712547,107429.0547
1,0,2,5.921278,NA
1,0,2,17.36370277,74677.36719
0,1,2,32.45983124,92400.9375
0,0,3,7.90044117,76666.76563
1,1,3,12.76854229,34256.82031
1,0,2,6.486032486,78113.95313
0,0,4,10.33816051,69293.85156
0,1,2,27.02415657,78367.65625
0,1,1,13.00198078,NA
1,1,1,12.71804333,40007.26563
0,1,3,6.781708241,24284.24609
1,1,3,16.95360756,68056.40625
1,0,1,17.12164497,55211.80469
1,NA,3,5.024883747,NA
1,1,3,18.18221855,91516.875
1,NA,NA,NA,115366.5547
1,1,2,8.156285286,49463.57031
1,1,1,12.57087612,96875.60156
0,0,1,14.77080917,92910.91406
0,0,3,28.67513466,79212.96094
0,1,2,14.78275585,91051.94531
0,NA,NA,13.54563427,11606.56543
0,1,1,NA,85059.39063
1,0,1,22.8931942,51026.67969
1,0,2,NA,NA
1,1,3,0.439125389,60750.17969
0,0,3,11.17928696,102515.1484
0,1,2,11.22629452,38193.6875
1,0,3,3.598606348,75449.71875
1,0,3,8.436043739,44770.31641
0,0,4,23.12818527,124168.7734
1,0,NA,5.680634022,0
1,1,3,7.396445751,56052.57422
0,NA,NA,20.19370651,79442.28906
1,0,2,18.71949196,40006.26172
1,0,2,0,2630.488525
1,1,3,14.53823376,97579.75
1,0,1,12.11087036,18528.49805
1,1,2,4.597340107,41824.94922
1,1,NA,15.38856316,59411.16016
1,1,4,12.58484554,93017.30469
0,0,2,24.0598526,134826.7031
0,1,NA,18.85947418,NA
1,1,3,0.408077866,22119.63867
1,1,3,6.259398937,28358.2207
1,0,2,23.07090187,84928.82813
1,1,3,31.78315735,95437.53906
1,1,NA,1.344123721,26875.11523
0,NA,3,21.66820335,125946.0469
1,1,2,16.53396797,40924.78516
1,0,1,14.38374996,15806.19824
0,NA,2,25.1462841,103647.6406
0,1,NA,0,108779.0625
1,1,3,11.67273998,91944.63281
1,1,4,NA,125142.5703
0,0,2,22.95103836,84376.0625
1,0,2,28.83182144,82472.39844
0,1,2,29.43633461,111284.2891
1,NA,2,9.767336845,49375.82422
1,NA,2,NA,43502.02734
1,1,3,9.083953857,57117.72266
0,0,2,26.84268761,74531.45313
1,0,1,9.003595352,30457.38672
1,1,3,14.13774014,118421.6953
1,NA,1,25.70537949,89455.27344
0,0,2,18.66805649,42450.20703
0,1,2,NA,66637.88281
1,NA,3,9.366226196,90031.75781
0,1,2,14.5007515,38945.88672
0,0,3,0,61237.65234
1,0,2,19.38877487,32685.68359
0,1,3,22.51257706,94282.03125
1,0,3,28.09776115,84695.17969
0,0,3,12.11775494,90347.01563
0,1,1,12.37079048,85005.15625
1,1,1,41.88606262,71691.72656
0,0,3,4.896698952,NA
1,0,2,0,0
1,0,1,0,11240.15527
1,NA,3,6.741201878,102397.8281
1,0,3,19.02820969,76543.77344
0,0,2,6.250964165,22593.41602
0,1,1,25.7025032,98083.22656
1,1,3,0,4591.290527
1,0,4,NA,87627.80469
1,0,NA,0.538683712,51357.21484
0,0,2,NA,39851.5
0,1,3,20.42556953,101089.8984
1,1,NA,15.49886417,NA
0,1,1,17.10737038,61972.57422
0,1,2,12.14912415,63937.625
1,1,2,9.501179695,36857.53906
0,1,2,9.245390892,3549.077637
1,0,2,24.18860054,77617.65625
0,1,1,NA,77669.34375
0,1,2,26.16435623,149430.5313
0,1,1,14.96002674,43438.97656
1,1,3,13.10219669,97610.89063
0,0,2,1.401875257,91729.125
1,1,3,14.41880512,82292.60156
0,0,1,8.942270279,62632.21875
1,0,2,25.75815582,125059.5938
0,1,2,0,73057.75781
0,0,1,8.359366417,59508.27734
1,NA,2,27.81333351,55604.17188
1,1,1,25.19393921,28924.39063
0,1,2,22.33643532,81198.39063
1,1,4,10.29914379,78174.66406
1,1,4,NA,64451.28516
0,1,1,34.10971832,109300.4766
0,1,2,15.83752537,51964.77344
1,0,NA,8.743485451,86839.89844
1,0,3,13.2838974,77493.76563
1,0,3,13.820508,58090.84375
0,1,3,26.19851494,85160.46875
1,1,4,16.44033432,62624.625
1,0,2,15.5587244,28537.82422
1,1,2,13.12440586,30087.52148
0,1,1,17.36388588,79127.59375
0,1,NA,18.98733521,NA
0,0,3,10.06931591,71044.28125
0,0,2,29.28877258,102153.1328
1,0,1,38.95299911,66470.0625
1,0,1,3.773361206,0
1,0,3,7.735295773,34613.22656
0,0,2,24.19609642,25709.12305
1,1,4,23.3758812,73986.35156
1,0,NA,17.92118263,16398.92578
0,NA,2,1.852576613,44752.26563
1,1,3,16.91636848,46022.02344
1,1,NA,16.32656097,97839.29688
0,1,3,18.43390274,99861.95313
0,1,2,NA,57474.375
1,1,3,5.910686016,32066.75
0,1,2,17.75209999,82783.83594
1,1,4,10.01977253,NA
0,1,NA,12.55490589,NA
1,1,4,24.89228821,77054.76563
0,0,4,NA,99065.47656
0,NA,3,NA,NA
0,1,3,0,72841.67969
1,1,3,30.08018112,90546.10938
0,NA,2,23.9110508,103084.4453
0,NA,1,14.80947399,93281.36719
1,0,1,2.897226334,35245.09766
1,0,3,22.13758278,92040.63281
0,1,3,5.01298666,NA
0,1,2,20.39827919,120180.4922
1,1,1,15.6040678,0
1,0,NA,NA,77800.79688
0,1,3,21.60764694,100781.4922
0,1,3,33.46097946,NA
1,1,2,20.40011978,79616.00781
0,1,NA,31.80517387,NA
1,0,1,25.5275898,64319.97656
0,1,2,2.760635138,31244.44922
1,1,3,NA,102198.9922
0,1,2,8.108485222,16915.30469
1,0,1,8.445821762,46904
1,0,2,17.24637413,15343.65137
1,NA,3,37.82318115,126343.8984
0,1,3,32.27265549,153938.2656
0,1,NA,21.59022713,74136.59375
0,0,1,17.19094658,NA
0,0,2,NA,32691.80859
0,0,3,7.154768944,89721.85156
1,0,2,16.42050171,44627.82031
1,0,NA,NA,25800.62305
1,NA,NA,NA,115085.9141
0,1,2,17.91332245,78159.46875
0,0,1,29.909235,NA
1,1,4,25.93401718,81682.60156
1,0,3,29.59597397,94067.15625
0,0,2,4.266956329,42958.97656
0,1,1,11.77912235,77650.38281
0,1,2,13.7356205,82424.47656
1,1,4,5.551076412,60030.45313
1,0,3,0,58350.12109
1,0,NA,21.78456116,87669.96094
0,0,1,23.32133293,113503.5469
1,1,3,0,88541.91406
1,1,2,22.28773117,78495.47656
1,1,3,17.22257042,36562.67969
1,0,3,28.45135307,123398.8359
0,0,2,NA,113760.8047
0,1,NA,4.662606239,62112.59375
0,0,2,NA,94443.32031
1,0,1,10.19327068,39824.80859
0,1,4,NA,109235.0859
1,0,2,8.659984589,15502.96387
0,1,3,18.68600845,119486.0625
0,1,3,0.809789479,25049.61523
1,1,3,16.78230095,71001.78125
0,1,1,33.86684799,79050.51563
0,0,3,25.54373741,NA
1,1,3,21.5013485,83930.94531
0,1,3,13.03645992,120022.3203
0,1,3,17.54844475,92837.01563
1,1,1,7.672450542,8611.108398
0,1,4,33.24045944,162188.2188
0,1,2,9.627642632,NA
0,1,4,25.29159164,189607.1406
0,1,3,10.86651993,50849.90625
1,0,2,0,84523.125
0,1,1,25.46046638,71623.60156
0,0,2,25.76440239,89631.71875
0,1,3,7.943405628,111251.3359
1,1,4,0,86653.78906
1,NA,2,0.605327129,50644.44141
1,1,3,0,3095.876465
1,1,4,12.24940586,42823.91406
1,0,3,25.10225105,NA
0,1,2,12.56047821,0
1,1,1,10.5005846,69327.03125
0,1,2,0.496033698,11245.63672
1,1,3,20.84313011,74167.21875
1,1,4,7.240118027,78864.79688
0,1,3,13.90626717,103783.4375
0,1,3,13.22700119,NA
0,1,3,0,66074.47656
1,1,2,8.035000801,13008.78711
1,1,2,18.3168335,96771.27344
1,1,4,0,50249.38672
1,1,3,2.106482983,58218.84375
1,1,3,12.70159149,71830.10156
1,NA,3,22.3071537,91173.35938
1,1,2,0.908234119,NA
0,1,3,13.98474789,130133.6016
1,1,4,NA,40502.6875
1,0,2,0.897136688,NA
1,0,2,18.62749863,83846.10938
0,1,2,31.63874435,110027.1641
0,1,2,15.09248734,41842.72266
0,1,1,24.43206406,44679.73438
0,1,2,10.00914192,95015.73438
0,1,2,21.00037384,87658.14063
1,0,2,19.4539814,57594.98828
0,1,1,31.62934875,60833.70703
0,NA,NA,25.83718491,48464.375
0,1,4,11.3004303,106405.4922
0,1,2,11.75087166,52468.01953
0,1,2,30.76852798,104124.8359
1,1,3,NA,41458.65234
1,0,1,12.86863136,33513.34375
0,1,2,22.89465904,135955.4688
1,1,3,NA,93822.05469
0,NA,1,3.363213301,48375.34766
0,1,1,33.38259125,109402.5938
1,0,1,14.0508461,89223.86719
1,1,3,NA,74421.36719
1,1,4,0.984822869,84248.14844
0,1,2,21.38782692,NA
1,0,3,0,NA
0,1,2,28.1266613,NA
0,0,2,NA,70272.98438
0,1,NA,10.47337914,116841.8828
1,1,3,30.28319931,NA
0,1,2,17.70112419,131844.75
1,0,2,11.46753597,42886.79297
1,0,1,20.29811478,110262.8984
1,0,2,NA,57817.44922
1,0,1,18.6606617,70677.02344
0,1,2,28.01150131,NA
1,0,1,13.22165394,24057.33398
1,1,3,3.78758812,NA
0,0,2,11.58017063,48935.63281
0,1,4,25.14084053,188249.2813
0,0,1,27.73059273,50153.30859
0,1,2,NA,48988.70703
0,0,2,40.65503311,105348.1563
1,1,3,NA,78839.71875
1,1,4,9.18905735,94072.35156
1,1,4,4.486147881,94180.23438
1,1,3,2.839440823,NA
1,1,3,37.70266724,82604.89063
1,1,1,0,0
0,1,NA,11.1502552,42513.14453
1,1,2,5.764681816,53397.40234
1,1,3,10.38863945,123257.7031
0,1,2,14.62077713,114294.2344
0,1,1,2.823662281,66813.61719
1,NA,2,3.957254887,34203.75781
0,1,2,7.705646992,72935.45313
1,1,3,4.435711384,NA
0,NA,4,8.646518707,105457.7422
0,0,3,NA,51122.42578
0,0,2,28.12014198,43769.94531
1,1,3,12.67428112,67719.74219
1,1,2,15.56184101,41682.22656
0,1,3,17.5766201,114091.0703
0,0,2,0.371013939,0
0,0,3,12.91377354,79525.14063
1,1,2,NA,NA
0,1,2,19.86569595,108660.7969
1,1,3,33.48557663,105747.5313
1,1,2,21.86416245,14054.75977
1,1,NA,NA,31243.64258
0,1,4,1.78791976,71948.17188
0,1,4,13.7596817,NA
0,1,2,29.75697899,NA
0,1,3,15.42579746,NA
0,0,2,24.16811943,NA
1,1,2,16.99650574,53219.63281
1,NA,3,16.83806992,71808.14063
1,1,4,10.72360325,66772.74219
1,0,2,16.17377281,82245.67969
1,1,3,16.27825546,62226.82031
1,1,4,5.99471283,5972.529785
1,1,2,14.61771297,46530.42188
1,NA,4,20.82806015,74998.03125
0,1,1,NA,53978.86719
1,1,2,18.47614098,14505.63574
0,1,NA,0.281117588,28024.24219
0,0,3,22.7778759,100357.6406
0,0,3,33.83335114,148705.8594
0,NA,3,26.46871758,83775.82031
0,1,2,5.16340065,99880.45313
0,0,3,30.21867752,NA
1,0,1,11.57834625,60475.82813
0,1,2,10.71313286,86505.42188
0,NA,3,11.85349083,49393.79297
0,1,3,20.93447495,111066.8906
1,0,1,8.013785362,31194.70898
1,1,4,NA,93640.875
0,1,4,18.51593971,NA
1,1,4,10.52415562,95020.54688
0,NA,2,20.59817123,NA
1,1,2,4.002864361,36948.01953
0,0,2,29.63149452,150551.1563
0,1,NA,8.891751289,89572.91406
1,1,3,3.295173883,NA
1,0,1,30.87647057,62767.62109
0,1,3,27.78824425,107556.4922
1,1,4,14.9465189,135267
1,1,3,20.15615082,NA
1,1,4,12.16707993,98495.22656
0,NA,4,0,93928.67969
1,1,2,27.56009102,104058.1484
0,NA,3,27.82132721,105937.1172
1,0,3,7.364964485,100897.0078
0,0,1,12.45432281,NA
0,1,2,2.293984175,85269.94531
1,1,4,NA,108911.9609
0,1,2,14.20673561,177388.8125
1,0,2,13.86911201,NA
0,1,1,11.53693008,59057.05469
0,0,3,18.5698204,137990.7188
1,1,3,10.20837212,74150.09375
0,0,NA,13.96221542,65461.83984
1,1,2,22.01090813,44551.71484
0,0,2,13.88650322,NA
1,0,2,14.40157986,23762.49023
1,0,3,11.31575298,24206.33008
0,1,1,12.49560928,50834.65625
0,1,4,17.0846653,81952.17188
1,1,3,14.49423981,70917.94531
0,0,4,12.63375854,122476.9922
0,0,2,26.06866074,90144.30469
0,1,3,0.314025223,57497.90234
0,1,3,12.18640327,146897.4375
1,1,2,22.81662941,1331.300171
0,1,2,16.48152351,80055.64844
0,0,3,15.35907745,42094.21484
1,0,3,3.993783236,NA
1,NA,NA,17.77643204,70600.23438
0,0,1,3.604463577,51883.00391
1,1,2,28.65405846,129975.7813
0,1,2,23.84102058,85329.14063
0,1,1,32.62229538,145884.6094
1,1,3,14.3772707,79779.0625
0,1,2,8.596123695,64971.51953
1,1,2,6.117327213,102741.5547
1,0,NA,0.809134662,55808.56641
0,NA,3,19.70436478,159008.0781
0,1,3,43.19894409,110236.0234
0,0,3,4.260670662,0
1,0,1,NA,10158.53906
1,0,1,26.86395264,85392.625
0,1,3,19.7171402,98574.84375
0,1,3,3.401808023,44448.39844
0,0,2,3.607584953,80682.53906
1,0,1,7.617192745,53607.16016
0,1,2,5.996079922,59196.01563
0,0,1,25.23033142,39256.8125
1,0,1,1.480995774,18577.94336
1,NA,4,1.839415073,87896.45313
1,0,2,NA,27944.58984
0,0,3,18.50429344,131836.7188
0,NA,1,27.51527977,NA
0,1,1,25.08062172,93704.6875
1,1,NA,9.95788765,48164.94531
0,0,3,24.72871399,51856.20313
0,1,1,28.18276596,109155.3906
1,0,3,16.88303566,8090.227539
0,1,2,28.76131248,NA
0,1,3,1.518843532,81047.82031
1,1,2,10.73212147,27086.83203
1,NA,2,4.453662872,42246.58984
0,1,3,19.89565086,75064.08594
0,NA,1,12.90938377,77742.11719
1,0,1,2.393613577,24399.49219
1,0,2,11.7848587,0
0,1,2,0,94689.375
0,1,NA,28.35899925,102303.8984
1,1,3,8.315869331,62691.63672
0,NA,3,16.67265129,80692.04688
0,1,1,16.65896416,67549.69531
1,1,3,6.34857893,91075.25781
0,0,3,21.33141327,125061.9297
1,0,1,23.46196556,15375.02148
1,1,3,1.309344411,42840.49609
0,1,NA,12.41355991,106207.8359
0,0,2,0,0
1,1,4,3.757871151,66192.38281
0,1,3,24.22374153,159617.8438
0,0,NA,19.86157036,70074.53125
1,1,3,20.81733131,55961.54688
0,1,2,15.43267822,95860.32813
0,0,3,23.76877785,90787.86719
0,1,3,21.41889572,36054.76172
1,0,2,18.13532448,52588.24609
0,1,2,11.24086666,38236.76953
0,NA,1,0,1400.622559
1,1,NA,2.128654242,54257.60938
0,1,2,14.86002064,25684.43945
0,0,2,19.30237389,66450.26563
0,0,1,8.787773132,32128.50391
0,1,1,3.067483187,26989.9375
0,1,3,22.4346199,135777.7188
0,NA,3,17.16563988,143125.5625
0,1,2,6.561108589,59632.49219
1,1,3,17.92139053,37617.21875
0,0,1,37.41139603,94497.375
1,1,2,NA,7682.015625
0,1,3,20.68296242,65136.10156
1,1,NA,0,49318.24609
0,0,3,0,56091.46875
1,NA,2,38.41555786,99258.67969
1,1,2,3.207424164,56843.83594
0,1,1,35.30845642,68515.78125
1,1,2,22.58744049,41011.32031
1,0,2,25.71763802,93494.63281
1,1,1,20.26176071,46867.10547
1,1,3,27.86412239,83667.88281
1,1,3,NA,17660.17578
1,1,3,36.33863449,74060.60938
1,0,1,32.74919891,105853.1953
1,NA,3,5.557994366,116170.9531
0,1,2,NA,111215.4453
0,1,2,9.148047447,NA
0,1,2,23.87251854,81116.77344
1,NA,3,14.99133396,58087.25391
0,0,2,20.67885208,76828.75781
1,1,3,14.321908,NA
0,1,2,NA,100443.1563
0,1,3,23.77462196,136082.5313
1,1,3,0,NA
1,0,2,10.40671825,57860.10156
0,NA,2,7.642656326,100482.7813
1,0,1,2.944561958,101556.4297
0,1,2,27.05220604,91255.82031
0,1,1,19.22948456,32957.73828
0,0,NA,3.93537879,368.3630066
0,0,4,0,NA
1,0,2,11.29861927,61752.36719
1,1,3,15.803092,113923.8672
0,1,1,17.15411186,22610.38867
1,1,3,16.85065651,111301.7734
1,1,3,0,24458.45898
0,1,3,26.91567993,89850.79688
1,1,3,3.706748009,81621.35938
1,1,2,15.21331215,52183.05859
0,0,3,18.94074059,37727.07813
0,1,1,20.93785477,75724.75
0,1,2,8.743867874,48310.62891
0,NA,1,38.64445114,90566.64063
1,1,3,0.153327808,8842.279297
0,1,2,25.0716877,NA
1,1,2,19.67684364,94953.29688
1,1,4,1.376886725,101378.8281
1,1,4,0,NA
0,1,2,27.2215786,136376.5313
0,0,1,15.30374432,89711.1875
1,0,2,15.36459446,67839.72656
1,1,2,0,7094.960938
1,1,4,8.527681351,85480.04688
0,1,1,11.22281837,53873.64063
1,1,2,2.158531427,33191.42578
0,0,4,20.07032013,115866.3438
0,1,NA,22.65756416,120494.4531
1,1,4,0,58341.86328
1,1,4,6.937530041,17246.26953
1,1,4,NA,66846.14063
0,1,2,11.78199005,66171.17188
0,0,1,18.45215607,72868.375
0,0,2,16.26488686,28485.4043
1,0,2,NA,49522.40625
1,1,3,24.2138195,106065.7109
1,0,3,7.692825794,102089.9766
0,0,2,17.47322273,48619.27344
0,1,1,46.35373688,198598.5625
1,1,1,12.41695499,NA
0,1,2,1.37141633,25882.74023
1,0,2,5.109174252,59539.25391
0,1,1,26.59852982,57172.12109
1,0,1,NA,51102.92969
1,1,2,28.04985046,35033.875
0,1,NA,20.9204216,21099.07422
1,0,1,NA,NA
1,0,3,19.70184898,129644.9219
1,1,3,19.86803818,15754.61914
0,1,NA,29.71105003,66093.78906
0,0,2,8.773130417,13241.45703
0,1,3,5.82266283,NA
0,1,2,30.51116753,41477.43359
0,1,2,25.41168976,86434.32813
0,1,3,14.6677494,96893.21094
0,1,3,30.22646713,93671.49219
1,1,2,13.85891724,7732.791016
1,1,3,0,93807.45313
1,1,4,5.994401932,46786.73828
0,0,2,13.98295021,68470.875
1,1,NA,0,92290.39063
0,1,2,39.94538879,134462.6719
1,0,1,20.28341675,87364.39063
1,0,1,17.37132454,72280.39063
1,1,4,NA,56947.07813
0,0,NA,NA,86605.99219
1,1,3,10.27231598,64600.84375
1,1,2,3.654696465,NA
0,0,NA,6.69704628,97599.40625
0,1,NA,31.76413918,62946.58594
0,0,4,NA,NA
1,1,3,NA,0
0,1,2,21.84217834,137005.5
1,1,4,NA,108776.1875
1,1,3,7.14413929,0
0,0,4,17.08209801,69147.19531
1,0,2,21.65484619,43898.6875
1,1,3,19.74077415,54517.31641
1,1,2,NA,40977.15234
0,1,3,26.07725143,142639.9219
0,0,2,28.59151649,91577.64063
0,1,1,0,52430.72266
0,0,2,20.69289589,99850.14844
0,0,1,6.694220066,17412.12891
1,1,3,13.69402885,88707.09375
0,1,NA,8.047996521,99470.35156
0,1,3,35.4254837,NA
1,0,3,16.87131882,136026.0938
1,1,2,13.84721756,72222.41406
0,NA,2,22.05077553,64379.17188
0,1,NA,18.57083511,104773.3281
0,NA,2,17.47303391,87786.84375
1,0,3,20.50086975,96355.47656
0,1,1,35.12263489,68204.28125
0,0,NA,9.853265762,64595
1,NA,3,0,68584.95313
0,1,1,24.77252579,54777.05078
0,1,3,28.50847054,135192.3125
1,1,3,7.234014511,55558.47656
0,1,2,15.08162689,111035.5156
1,1,4,15.3014822,39584.14063
0,0,3,13.06342983,117009.3125
0,1,1,8.681401253,58430.99609
0,1,1,7.279699326,34816.05469
1,0,2,10.44124126,61112.07422
1,0,3,11.26597595,70325.625
0,0,3,19.85693932,104956.4766
1,1,4,20.52120018,NA
0,1,3,18.05778313,78294.17188
0,0,3,0,43961.40234
1,1,3,14.99953651,NA
0,1,2,26.33821106,129825.125
0,1,1,21.64786148,NA
0,1,2,24.25064468,115854.0156
1,NA,2,NA,54210.07031
1,0,NA,14.13689995,77514.875
1,1,4,7.592765331,61369.26172
1,1,3,0,NA
1,1,3,22.48982811,140641.3281
1,1,4,1.15306747,45168.84766
0,0,1,22.86627197,0
0,1,2,13.85968113,107256.2031
0,0,4,14.22461605,102842.8984
1,1,3,0.50831157,7046.543457
0,0,2,29.21460533,115533.0547
1,0,2,2.174435616,37007.25
0,1,2,12.08921432,35758.29688
0,0,3,15.64011765,115549.1484
1,1,3,18.75102043,66826.28125
0,1,1,10.95656013,32428.60938
1,1,2,19.31405449,135077.4531
1,0,1,23.77907562,105688.6484
1,1,2,8.079602242,29623.86133
1,1,2,0,54287.76172
0,1,3,29.46173477,131841.9688
1,NA,2,12.31024456,57477.32031
0,1,NA,13.38537216,13365.92773
1,0,1,19.91190147,12159.24609
0,NA,NA,15.18606567,50849.51953
1,0,3,2.188793898,50260.25781
1,0,2,30.91546249,40235.60156
0,1,1,36.76264954,117386.0234
1,1,2,6.689362526,3554.663818
0,1,1,14.93080521,28687.93945
1,0,2,1.13502121,57599.41016
0,1,1,4.147732735,88416.78906
1,0,1,17.68828201,3319.848389
1,NA,4,NA,NA
0,1,3,18.96527672,87359.01563
0,1,1,23.75551987,125117.9297
0,1,3,NA,90300.28125
0,0,3,NA,NA
1,1,NA,13.54841232,58728.30859
0,NA,3,22.57082558,106455.2031
1,1,NA,28.01641464,NA
0,1,3,44.73686218,134003.0625
1,1,NA,NA,128306.2891
1,1,1,22.97941399,51000.66797
0,1,NA,13.54706192,47324.21875
0,0,2,13.32357597,25726.5332
0,1,4,18.30357552,95509.27344
1,NA,2,32.66675186,95707.61719
1,1,3,7.913917542,46372.03125
1,1,4,NA,88266.46094
1,1,2,16.46935272,0
0,0,3,NA,65736.28125
1,1,4,5.844353676,46520.32422
0,NA,1,6.225736618,22016.30078
0,1,2,19.12766075,97153.09375
1,1,3,6.761069298,65876.80469
1,1,2,NA,78892.375
1,1,2,20.02710724,67643.82031
1,0,NA,26.28170776,NA
1,1,3,14.47685528,49002.26172
1,1,2,10.09604931,27498.78125
1,1,2,13.32453346,50832.08203
0,0,NA,NA,78709.35156
1,1,NA,8.16639328,48344.20313
0,1,1,27.25413132,71605.34375
0,0,2,19.64094543,74308.67188
1,NA,2,28.73324776,103543.6875
0,0,2,17.12018776,95188.875
0,1,2,15.65169048,29383.46875
1,1,3,11.39742374,34522.18359
0,1,3,13.1279707,92792.78125
0,1,3,14.85907173,97566.46875
1,0,3,2.964544296,NA
1,0,1,NA,29331.30859
0,1,4,34.28647232,NA
0,1,3,31.60795784,145142.9375
0,0,2,25.99331474,85459.23438
1,NA,1,18.4634304,57720.16797
0,0,2,24.8562088,132184.0938
0,0,1,19.39764214,3668.895508
0,0,2,25.05008125,102551.9688
0,0,2,25.77478218,87117.08594
1,NA,2,0,0
1,0,1,21.69184303,39409.94922
1,1,3,NA,105600.3828
1,NA,1,21.47521782,24869.51367
1,0,1,21.05043602,81423.35938
1,0,1,10.90564919,16181.29395
1,1,2,13.16391468,79842.57813
1,1,3,7.320600033,53334.35547
1,0,1,14.97480679,31674.60938
0,1,2,17.79679298,84270.21875
1,1,4,NA,90123.83594
1,0,2,12.64877987,45756.67969
0,0,2,24.02628708,105794.1406
1,1,2,21.34643364,89242.58594
1,1,NA,9.628706932,110862.8672
0,1,3,11.50772762,NA
0,NA,2,21.15936089,26792.10742
1,1,2,18.92636871,63452.3125
0,0,2,17.28544998,111427.9297
1,0,3,20.44709015,93803.17188
1,1,NA,18.90244675,34502.9375
0,0,1,17.15037155,2155.825684
0,NA,1,3.373268366,38499.71484
0,0,2,14.17055511,84342.89844
1,0,1,7.768363476,18324.62109
1,1,2,10.53138351,83778.96094
0,0,2,NA,71657.875
1,1,2,3.491503477,65675.45313
0,1,NA,NA,120770.0781
0,1,4,8.607363701,125122.0703
1,1,NA,20.91194916,82751.73438
1,1,2,8.775043488,24021.61914
1,NA,1,22.67484283,13089.43945
1,1,4,6.7236619,145644.9844
0,0,1,31.9773941,55547.35156
1,1,3,15.36287117,94802.58594
1,1,3,19.78146172,51339.64453
0,0,1,10.70510101,86376.09375
0,0,NA,27.8444767,109685.5
0,1,3,28.28612137,NA
0,1,1,29.67117882,108131.2344
1,1,1,19.06111336,63156.25781
0,0,2,16.9793644,NA
0,1,2,32.16051865,91998.03906
1,NA,3,13.69462585,75851.75781
0,0,2,14.12702465,94106.83594
1,1,NA,6.419205666,60071.5625
0,1,2,10.23234177,70609.86719
0,1,2,26.28245544,25946.0332
1,0,3,19.04796219,93721.79688
1,0,NA,6.260885715,0
1,1,NA,4.370479584,56064.18359
1,0,2,11.54517937,50615.37891
1,1,3,5.286231041,12951.42578
0,0,3,NA,64158.32813
1,1,3,20.15937233,70361.73438
1,0,2,17.30625534,53755.24609
0,1,NA,NA,63655.36328
0,1,2,28.1399231,171575.1875
1,1,3,9.284749985,16860.69531
1,1,4,14.31543636,104791.875
1,1,3,0,20522.5625
1,NA,1,0,34184.07422
1,NA,3,NA,12837.55762
1,1,3,1.501159191,36756.44141
0,1,3,38.35935593,125171.9063
0,1,4,31.79410362,119433.0391
1,0,NA,14.7448101,62492.70703
1,1,NA,25.65900993,55082.32031
1,1,3,3.840473175,20492.31641
1,0,2,22.05575562,78245.97656
1,1,2,20.03733063,NA
1,NA,3,5.169015408,35025.02734
1,1,2,21.79858398,69961.9375
0,1,3,21.96889305,NA
1,0,2,28.12216568,123096.2188
1,1,2,27.82915306,101497.9297
1,1,3,2.839819431,38262.92188
1,0,2,0,0
0,0,3,8.62847805,95790.55469
1,1,3,11.50916195,53223.44922
1,NA,3,12.90194893,40276.01953
1,0,3,17.68114853,NA
1,1,2,8.071195602,49844.80859
0,NA,3,5.14991045,52346.12891
1,1,2,17.86281395,66676.60938
0,1,1,13.00021553,27570.33398
1,1,3,27.91409302,82098.38281
1,NA,3,17.59432793,69630.52344
0,NA,1,NA,130729.6797
0,1,3,26.00741196,85665.92969
0,1,3,13.78211594,83180.34375
1,1,NA,NA,36643.14453
0,1,2,13.69401741,38494.125
0,NA,2,13.60728359,115518.7188
1,0,1,20.60031128,20612.5918
0,1,3,22.35877609,120228.4766
1,1,2,25.55862617,17929.19727
0,0,2,0,40716.02734
0,NA,2,6.316313267,67271.96875
1,1,1,16.75642776,4024.226074
0,0,1,27.95758629,138095.2656
0,1,2,3.827234268,45159.12109
1,0,2,18.86378288,41867.28906
0,0,1,29.59500122,85097.52344
1,1,NA,23.27830696,68983.17188
1,1,3,24.97628975,104478.9844
1,1,3,3.682817936,25981.79297
1,1,2,15.74461842,40638.99219
0,0,2,24.18564606,88574.71094
0,0,2,11.31093407,44775.88672
1,1,3,23.51125908,NA
0,0,2,0,NA
0,1,2,6.65213728,55946.07813
0,1,2,12.51156235,113042.7813
0,NA,2,24.34926224,82439.10156
1,0,1,39.35977554,112014.8516
1,1,2,3.426337481,0
1,0,NA,0.406068325,0
0,0,3,20.83679581,NA
0,0,2,0,54710.73438
1,0,1,8.318021774,15696.87598
1,NA,1,8.725985527,85278.25
0,0,2,12.13891983,44532.89063
0,1,2,NA,56988.02734
0,0,1,18.49596405,34787.54688
1,1,2,27.65367699,35964.42188
1,1,4,6.451433659,NA
0,NA,2,24.3256588,126932.0469
1,1,4,9.149333,63334.77734
0,0,1,15.76344395,18297.77344
0,1,NA,18.61650848,102094.5625
1,0,4,22.71407127,78916.32031
1,1,3,23.02055168,77582.21094
1,NA,2,18.07573128,79697.97656
1,0,2,1.871405005,48135.10547
0,0,3,23.42285156,90465.32813
1,1,4,19.21796989,46708.24609
1,0,2,NA,96311.76563
0,0,2,18.14132881,NA
0,1,2,8.341851234,55262.81641
0,1,1,NA,62389.48828
0,1,3,13.33281708,87119.59375
1,1,3,17.80353928,100591.3672
1,1,3,NA,103520.1797
0,1,2,0,35978.78125
1,1,4,18.68556023,NA
1,0,2,17.00699043,4105.562012
1,1,4,22.30785751,70963.91406
0,1,1,11.48390961,34607.76953
0,1,2,17.78369522,83533.36719
0,NA,3,12.53595352,94647.67969
0,0,2,8.051804543,NA
1,1,4,30.08554459,129229.9063
0,1,2,14.29384613,106645.625
1,1,1,20.16627502,83113.78906
0,0,2,29.8955307,NA
1,0,2,13.29649734,69598.74219
0,1,NA,21.93679237,120497.7109
1,0,2,8.59087944,13153.9209
1,NA,1,18.75540161,28399.83398
0,0,2,10.96105385,67161.03125
0,1,3,16.75689125,107098.2031
0,1,2,25.36487579,89202.95313
1,1,3,10.71383953,137886.125
1,1,3,24.31506157,82108.70313
0,0,3,21.70030022,192309.8594
1,0,2,17.88431549,10077.19141
0,0,3,8.820314407,59451.07422
0,1,1,9.834046364,63447.53516
1,NA,2,12.57907009,NA
0,0,3,20.02024269,NA
1,0,1,17.90437317,22606.35352
0,1,4,17.35687637,171274.8281
0,1,NA,14.94312763,183277.5938
1,1,3,NA,90231.30469
1,1,3,3.286156893,59175.41797
1,1,NA,0,NA
0,0,4,23.42146111,189351.4219
0,1,2,NA,80898.97656
0,1,NA,13.19505405,81756.47656
1,0,3,NA,56856.23438
1,1,1,NA,67066.39063
1,1,3,22.21631622,27525.70117
1,1,2,22.53938293,48671.73047
0,1,3,7.302970409,81438.17969
1,0,NA,30.39981461,89424.36719
1,0,2,27.46272278,90630.07813
0,0,3,7.225896358,92014.76563
0,1,2,15.92604065,93836.78906
0,NA,1,21.77851868,42699.70703
1,1,3,13.47655296,NA
1,1,4,13.61085987,98282.88281
0,1,NA,0,41977.23438
1,1,3,0,65106.96875
1,0,NA,17.6649456,38624.13281
1,0,2,1.212390304,41877.54297
0,1,3,18.29090691,134834.3125
1,0,1,5.686069965,0
0,1,2,20.57732201,NA
1,NA,1,13.26275063,39763.45313
0,1,3,21.13722229,69251.60156
0,0,2,10.98087597,58552.39063
1,0,1,19.06965446,87338.16406
1,0,2,6.233119488,28021.70508
1,1,3,3.30560708,NA
1,1,4,10.76253033,110362.0547
1,1,2,6.452115536,0
1,NA,3,25.7712822,77453.17969
1,1,3,NA,82113.64063
1,0,1,12.14321613,0
0,0,2,NA,108518.3359
0,0,2,34.81570435,NA
1,1,NA,13.7292366,82872.45313
1,0,2,NA,9013.24707
1,1,1,9.009522438,19614.63281
1,0,NA,23.93263626,93109.11719
1,1,3,14.79663944,98751.95313
0,0,3,8.167204857,80235.9375
1,1,NA,2.198937654,44444.46484
1,1,4,4.280056953,92143.10938
0,0,2,25.78267097,123578.3281
1,0,2,0.643165171,70307.17188
0,0,4,NA,120174.1094
1,1,4,16.86663437,64456.375
1,1,2,15.93950844,79499.19531
0,NA,3,18.57411957,NA
1,0,NA,15.3968277,34480.83984
1,1,3,NA,121249.5703
0,1,2,NA,115954.3906
1,1,3,13.85470104,39712.78516
0,1,1,15.54944611,65086.58203
0,1,2,0,7363.237793
0,0,2,12.15796089,83384.42188
0,1,2,37.65275574,NA
0,1,3,18.58665085,NA
1,0,3,22.68395996,56619.15234
0,1,1,0,105438.2813
1,1,4,17.87254333,128137.8594
0,0,2,33.48616028,86428.42188
1,0,2,2.348166943,4921.874512
1,1,3,NA,52842.09766
1,0,2,3.113566399,0
1,1,NA,0,45841.97266
1,0,1,12.484519,0
1,1,1,9.733934402,11510.73438
0,1,1,9.617066383,28468.34961
0,1,3,27.96949387,99468.80469
1,0,1,0,56195.32813
0,1,3,15.55425072,106250.5703
0,1,2,14.80524445,74746.875
0,1,NA,29.7208519,108955.9219
0,1,1,5.709312916,111370.9844
0,0,4,25.96629524,83395.375
0,1,2,5.48195076,50670.51172
1,0,2,NA,47281.375
0,1,1,NA,57829.85547
1,NA,3,3.458877802,57609.26172
0,NA,1,7.454633713,84102.82813
1,0,2,0,58520.30469
0,0,2,NA,143646.1094
0,0,3,8.260605812,66009.90625
1,1,NA,24.92251396,53359.82031
0,0,1,NA,NA
1,1,3,2.188078642,36883.09375
0,1,1,9.096935272,0
0,1,3,NA,44474.37891
1,1,3,24.19190788,121833.3203
1,1,3,NA,23512.34375
0,NA,NA,11.49844646,131929.9063
0,1,2,27.76231956,98301.8125
1,1,NA,NA,38774.00781
0,0,2,12.82677746,32610.17578
0,1,3,16.61249352,77779.10156
1,1,3,7.572156906,29048.38086
1,1,3,18.28858948,89873.9375
1,NA,2,6.27801466,70070.89844
1,1,3,8.138344765,101029.0391
1,0,2,18.50739479,105082.3984
1,1,2,6.826804638,45700.82813
0,0,2,20.56274986,33914.86328
1,1,2,NA,NA
1,1,4,6.724089146,50191.42578
0,1,1,32.08697891,81987.07813
1,1,3,0,0
0,1,2,4.27407074,NA
1,1,4,30.49910164,97749.75
0,0,3,23.71215248,NA
1,1,4,0,NA
1,1,NA,4.41749239,43086.19922
0,0,2,NA,198996.0469
1,1,3,18.15960693,53118.41797
0,1,3,30.82607269,135864.8438
0,1,1,6.783634186,43387.06641
1,1,3,9.005702972,72575.99219
0,0,3,12.55794907,107652.8438
1,1,4,10.64184761,39107.44141
1,1,NA,7.839812756,41467.375
0,0,NA,17.0973568,56959.49219
1,1,3,6.761382103,83565.51563
0,1,NA,NA,73531.66406
0,1,3,0,0
0,1,2,11.73226452,47377.22266
0,1,NA,30.41787148,97310.58594
0,0,2,0.537677348,NA
0,NA,3,5.978939056,NA
0,NA,2,26.92416573,43162.16016
1,0,2,16.91651154,79554.70313
0,1,2,12.32378483,89020.0625
0,1,3,6.146202087,NA
1,1,3,6.630810738,85831.25
0,1,2,38.23523712,55016.40234
0,1,3,15.16595364,97678.20313
0,1,3,25.67269707,137265.1563
1,0,3,NA,56630.89453
0,1,2,11.79710197,57894.85547
0,0,1,24.79153824,78564.75
0,1,2,24.38944626,119242.7188
1,1,2,12.95747566,30978.85156
1,NA,2,5.018673897,102681.9844
0,1,NA,23.22472572,145675.5781
1,1,3,NA,61314.51172
0,1,4,NA,NA
1,1,2,0,18787.14648
1,1,3,11.43726254,91838.22656
1,NA,3,5.682403564,99184.14844
0,1,3,30.62616158,NA
0,1,2,24.37931252,108168.4297
0,1,2,15.70010567,55500.33984
0,1,4,20.94723892,112638.7344
0,0,2,NA,139492.3125
1,0,1,15.64341736,48707.64844
0,1,3,15.26224899,62991.89063
1,1,3,11.23882484,64445.00781
0,1,2,8.924898148,NA
1,1,NA,0,6231.746094
0,1,1,NA,42355.94922
0,1,2,20.57431221,131359.5938
1,1,NA,20.43958855,96456.9375
0,0,2,7.271629333,56518.89453
0,1,2,14.07843971,NA
0,1,3,18.82623863,89493.32813
1,1,NA,11.12947655,120451.9844
0,1,NA,35.16820526,146070.2969
0,0,1,27.73345757,103669.9609
0,1,3,23.05901146,100723.4844
1,1,NA,13.5384016,151221.2813
1,NA,2,14.10778904,74633.74219
1,0,3,12.28499699,28302.87305
1,1,3,0.932559669,NA
1,0,3,14.57128716,84271.67188
1,1,3,13.56519222,55935.08984
1,1,4,3.804839134,111003.2344
1,0,2,31.99305344,83899.57813
0,1,2,20.10607338,51155.78516
1,0,2,0,16409.68359
1,1,2,16.73763084,91162.16406
1,0,2,31.73429489,29470.15625
1,0,1,10.31736374,53740.89453
1,1,2,7.644517899,33105.29688
0,1,2,12.84149551,15010.5293
0,1,2,NA,43212.84766
1,1,2,17.66663933,58747.03125
1,1,3,13.94076729,100199.4609
0,0,3,7.598864079,90439.69531
0,1,2,14.00922298,114132.1719
0,1,2,NA,97616.34375
1,0,1,9.520998955,0
1,0,2,16.75435638,74915.76563
1,1,4,16.85810852,62247.83203
0,1,3,5.470970631,54572.62891
1,1,4,21.77025986,71643.55469
1,1,4,8.004307747,98472.14844
0,1,3,20.47884369,100472.1719
0,1,2,29.99982262,151622.8125
1,1,3,NA,0
0,0,2,24.26615143,110596.3672
0,1,3,5.602873802,76448.29688
0,1,2,0,26706.47266
0,1,2,12.08083057,NA
0,0,NA,19.73522758,61681.03125
1,0,NA,17.76183891,78541.01563
1,1,4,5.081596851,89641.67188
0,0,3,13.78153706,104030.8359
0,0,2,28.11660576,73113.41406
0,1,3,20.0918808,101055.4141
0,1,3,7.315995693,101689.8594
0,1,4,11.76828289,126580.2734
0,1,3,10.05250263,NA
0,1,2,9.07450676,74510.96094
1,1,3,NA,62041.20703
0,1,2,26.71386909,81313.0625
0,1,1,12.31912613,71906.50781
0,0,NA,10.60147953,94206.85156
0,0,3,19.95671844,107712.8672
1,1,3,23.78603745,102461.875
0,1,NA,NA,102951.1875
1,0,2,NA,12745.05859
1,0,1,NA,30920.84961
1,1,3,0,35189.17188
0,0,3,0,98189.44531
1,1,2,17.70788002,96554.88281
1,1,4,8.191617966,52768.28516
0,1,4,11.37079334,116723.2891
1,1,1,41.73505402,NA
0,1,2,NA,133146.5469
0,1,3,NA,94378.14063
0,1,3,3.646161556,55799.41406
1,1,3,0,48414.66406
1,0,1,19.03504562,5235.493652
0,NA,2,15.0934906,96434.5625
1,1,4,19.12915802,28053.8418
1,1,1,NA,13489.1377
0,1,3,17.36210442,119027.8125
0,1,3,24.93653107,114960.625
0,0,3,8.599901199,70898.77344
0,0,1,11.82064819,95649.0625
1,1,2,12.02437401,69951.01563
0,0,3,13.37556839,27596.55859
0,1,2,16.30650139,NA
1,NA,4,8.329370499,127387.2813
0,1,3,19.023386,89194.84375
0,1,1,NA,64657.01563
1,1,3,30.91945076,88807.32813
0,0,3,11.27552223,NA
1,0,NA,18.08721542,65511.49219
1,NA,3,17.6317234,90127.15625
1,1,4,10.71017933,NA
0,1,4,27.20280838,120068.2813
1,1,1,11.53324604,NA
0,NA,1,4.339725494,30248.95703
1,1,4,8.932526588,120418.3672
0,0,2,22.34971046,22078.89063
0,NA,2,30.74347878,135379.5625
0,1,2,9.873369217,43412.89063
1,1,4,3.52045083,99611.92188
1,1,2,33.50435638,134893.6875
1,1,3,30.46484947,122645.7891
1,1,3,3.635343313,55056.66406
1,1,4,5.262487411,9107.12793
0,0,2,10.09868717,37970.97656
1,1,2,10.27486801,112702.375
0,1,1,0,50253.27344
1,1,NA,14.02007103,92189.80469
1,1,3,15.51706314,66637.92188
1,1,2,NA,67430.67969
0,0,3,46.28103256,67197.04688
0,0,3,29.52324867,134112.1094
0,0,NA,19.11388588,51170.82813
1,1,2,28.02470016,41131.88672
0,1,3,NA,96636.14844
1,0,3,8.776195526,70841.35938
1,1,3,22.51916504,117327.1094
1,0,2,5.44879055,NA
0,1,NA,20.56240082,132846.1406
1,1,3,NA,54441.07422
0,0,2,NA,123893.125
0,1,2,36.90152359,80280.23438
1,0,2,12.60105896,23197.47266
0,1,3,16.62415123,84309.52344
0,1,1,17.86448479,90441.32031
0,0,3,0,43127.76563
0,1,1,18.23786163,55632.64063
1,1,4,19.00032043,113049.3359
0,1,1,NA,33695.73438
1,1,4,0.122454874,34090.14063
0,1,2,13.07156372,72342.28125
0,1,2,NA,48276.80078
1,1,2,31.03722382,108274.9453
0,1,1,5.507823467,51077.96484
0,1,2,32.62130737,68720.95313
1,1,1,3.622885704,0
1,1,2,20.04800224,86306.28906
0,1,3,33.65866089,93158.69531
0,0,2,37.19223785,60998.13672
1,1,3,33.89857864,67440.67188
0,0,2,31.51206017,148837.5625
1,0,2,9.78341198,49232.66797
0,0,1,29.55400085,131062.8125
1,0,2,12.22691345,NA
0,1,1,26.68729401,77456.32031
1,NA,NA,19.08382034,13704.03027
0,0,2,2.890586615,100569.8594
0,1,4,11.0630722,121597.7578
0,NA,3,16.74407768,123793.6406
1,1,2,25.21135902,52538.86719
0,1,2,39.71955872,167365.9531
0,NA,2,34.17323685,NA
1,NA,2,28.37582016,140203.0625
1,0,4,NA,79220.76563
1,0,3,NA,0
0,NA,3,30.68993568,110311.25
1,1,3,28.61257362,103176.2109
0,0,2,30.95266724,120544.8984
0,1,2,18.43483353,31814.12695
0,0,1,3.637136459,2068.813965
0,1,3,16.14429474,114450.5313
0,1,3,29.65677261,140940.0313
1,1,2,NA,118522.6016
0,1,3,21.17680931,39361.66797
1,0,1,0.67311877,37437.18359
1,NA,2,16.01140785,84375.33594
0,1,2,43.09566879,121858.7109
0,1,2,22.11170578,128936.0547
1,0,3,16.3442173,91366.66406
0,1,2,3.478270054,78990.03906
0,1,2,16.03096962,NA
0,1,2,28.04861641,102389.0781
0,0,3,32.0811882,133357.4531
1,0,2,15.80216122,NA
1,1,4,21.25171852,118154.1406
1,1,3,13.22348213,78955.85938
0,1,2,18.68578339,58967.6875
1,1,3,2.126014948,34537.94531
1,1,2,1.529067755,0
1,1,4,16.372612,147603.4375
0,1,3,21.80727386,102395.0938
1,0,2,23.47683144,29201.67578
1,1,3,18.34994316,91333.79688
1,0,2,NA,11625.83496
0,0,3,23.17019653,74740.75
0,1,NA,22.67064095,129791.0078
1,1,NA,NA,86195.5625
0,NA,3,0.852550268,NA
0,0,2,15.37768555,54875.22656
0,1,3,15.73143959,132019.3906
1,0,3,15.92651463,42265.39063
0,0,2,0,111245.8984
0,0,3,16.46600151,61652.23438
0,1,2,18.20616341,97541.36719
1,1,4,5.386063099,93227.39844
0,0,3,28.12637138,127976.1875
1,1,3,NA,129896.6328
1,NA,NA,12.18428135,42935.64844
0,NA,1,12.90190697,NA
1,1,NA,NA,82097.07813
0,0,1,23.82239342,57848.48047
1,1,4,42.49768066,119880.2188
0,0,1,21.16107368,88009.72656
1,1,2,22.61644173,94346.21094
0,1,3,17.77024651,113808.4922
0,1,NA,28.99289131,105615.2813
0,1,1,22.13922691,65199.17969
1,1,3,4.723847866,64168.96875
0,1,2,11.18076515,44415.33594
1,1,2,17.97799873,91350.64063
0,0,2,NA,50696.26172
1,1,1,19.82113647,96793.24219
0,1,2,18.87102318,95926.71875
1,0,1,22.06475258,50103.66406
1,1,2,6.711815357,NA
0,1,1,15.40398979,54359.67188
0,1,NA,17.33393288,98535.42969
1,0,2,24.96240997,21703.75781
1,1,2,0,0
0,1,2,5.069518566,69898.54688
0,0,2,18.98151207,NA
1,0,2,11.62130356,57068.71484
1,1,2,17.14452553,80308.58594
0,NA,2,9.187146187,101617.5703
1,0,2,10.04109955,11886.72168
1,0,NA,5.547181129,54114.33594
1,1,4,12.98036861,151630.6406
1,1,3,6.721996784,59373.87891
1,0,1,12.35750771,50555.65234
1,0,1,10.92031193,14587.87305
0,1,4,29.89464378,129604.9063
1,1,2,NA,55570.20313
1,0,2,17.3285408,30107.18359
0,NA,2,6.515235901,54368.92578
1,NA,2,21.35056305,0
0,1,2,16.77345085,99193.05469
1,1,3,25.12794304,79891.21094
1,1,2,23.92912674,119003.2266
0,1,2,17.66091347,68564.85156
0,0,3,9.186024666,47739.24219
1,NA,3,13.33314991,42507.14453
1,1,2,NA,62566.01172
0,0,3,12.40721607,107581.1641
1,1,4,9.381130219,111135.0156
0,NA,1,27.50411224,129380.6484
1,1,3,18.51677513,NA
0,1,3,23.80744934,52107.35156
0,1,4,17.71150017,133574.9219
0,NA,1,16.31803894,42999.46094
0,0,3,13.38698578,115832.6563
0,1,3,24.68470192,80523.17188
0,0,3,10.00200558,50224.3125
1,1,2,11.15900707,80386.125
0,1,NA,18.31532669,89035.875
1,1,2,14.73580647,94361.02344
1,1,2,31.24834251,76606.54688
1,0,3,40.25458908,117753.8516
0,NA,2,14.95198631,70543.50781
1,0,3,38.53214264,NA
0,NA,3,18.6114254,62670.95703
1,1,2,8.966500282,NA
0,1,3,11.36685753,136272.7656
0,1,2,7.705331802,61543.71875
0,0,3,37.37088776,121546.7188
0,NA,2,13.69364738,49764.67188
1,1,3,1.972734928,33898.96875
1,1,4,32.50923157,94190.11719
1,1,3,12.31078053,63665.58984
1,1,3,16.22082138,72060.67188
1,0,2,18.43864632,38348.09766
1,NA,3,11.8652153,20125.59766
0,1,3,27.18087387,166685.8438
1,1,2,24.83446884,25825.58008
1,0,NA,27.8672123,76936.14844
1,0,2,0,20011.80078
0,0,2,25.83134651,113742.2891
1,1,NA,13.68135071,32019.6543
1,1,3,17.85839272,39395.96484
1,0,2,13.35918427,21273.21875
0,1,2,13.20991421,65690.57031
0,NA,3,7.541591167,94852.17188
0,1,3,NA,136371.375
0,0,1,32.96094131,86928.26563
0,1,2,NA,119342.6406
1,NA,1,10.07942104,74764.41406
1,1,2,13.1662674,91342.25781
1,1,4,19.43715477,91500.39844
1,1,3,12.13022804,11382.87012
0,1,NA,17.97809219,NA
1,1,4,4.939361095,89520.17188
1,1,2,0,1319.078369
0,0,2,33.48651123,113407.5859
0,1,2,12.72248459,107441.3672
1,NA,NA,8.642308235,65211.48828
0,1,1,4.197315693,NA
1,NA,1,20.54402924,4778.637207
0,0,NA,0,NA
1,0,2,13.54026031,26708.48242
1,1,NA,25.94645309,132692.7813
1,1,2,12.15704823,70115.55469
0,1,1,5.274555206,87807.86719
0,1,1,36.08746338,84284.28906
1,1,1,23.78806686,104584.2344
1,1,2,15.0400629,49917.48438
1,0,1,7.170663834,30274.95703
1,0,1,17.70522499,35074.35156
1,0,NA,10.75019073,63149.64844
0,1,1,7.017005444,5684.257813
0,1,2,22.35272217,92181.96094
0,1,1,NA,57916.01172
1,0,2,4.254388809,50856.76563
0,0,1,19.85758972,49818.35547
1,0,1,13.91529179,55221.84375
1,NA,2,0,0
1,1,3,4.550882816,NA
1,1,3,0.917471647,61647.99609
1,0,2,NA,87391.13281
1,1,3,4.466599941,10973.26855
0,NA,1,36.90166092,102181.9688
1,1,1,22.39539528,38163.35156
0,NA,1,29.01442528,77404.27344
0,0,NA,21.71191406,97657.58594
1,0,1,10.02755737,18494.02539
1,1,3,8.381575584,72709.625
0,0,1,24.28519058,NA
1,1,2,19.72961235,102489.4609
0,1,1,25.10346985,78330.48438
1,1,NA,22.76965332,101488.8203
1,1,2,6.001498222,60802.71094
0,1,3,9.328010559,24664.17773
1,1,4,0,53422.32422
0,1,2,21.87218857,74915.72656
0,1,NA,35.92825699,NA
0,1,1,26.12743378,111162.7422
0,0,2,14.1017313,7308.895508
1,0,2,18.75291443,55557.34766
1,0,3,26.44769096,65226.03516
0,1,NA,6.672866821,92282.33594
1,1,3,17.40689659,NA
1,1,NA,NA,47537.41797
1,NA,2,16.66200829,NA
0,1,NA,11.00521278,142016.2656
0,1,3,0,78925.85938
1,0,4,3.847718716,56854.62109
1,1,4,20.81136703,127632.5781
1,1,NA,9.981785774,62948.23438
0,1,3,17.0107975,73680.72656
0,0,3,3.690770149,62451.17969
1,1,2,0,0
1,1,NA,NA,17305.43555
1,1,2,16.83386803,NA
1,1,2,3.257992506,38957.30859
1,1,4,14.05501747,82561.6875
0,1,3,20.44887352,107246.1094
0,1,NA,21.56171227,107392.7031
0,0,3,26.06290054,69177.85938
1,1,2,18.90516663,14428.90527
1,0,2,12.04415131,40589.05469
1,0,2,11.94692516,19291.82422
1,0,3,15.901824,54252.55859
0,1,3,17.86524773,NA
0,0,3,23.18860245,NA
1,0,3,14.10898018,52268.75781
0,0,4,11.68594265,69111.63281
0,0,2,32.25258636,78759.86719
0,1,2,17.84185028,65147.53906
1,1,3,0,0
0,0,3,18.80199051,61975.66016
0,1,3,26.72995186,143479.6406
1,1,3,NA,57016.48047
0,0,1,7.111246109,6502.660156
0,0,1,12.73657894,58863.38672
0,0,2,16.28708076,51002.19531
0,1,2,20.61032104,150172.1719
0,1,1,30.60846329,67092.67969
0,0,2,18.06984138,106335.9375
0,1,2,15.676301,108980.6328
0,1,2,30.02314377,90419.96094
0,1,1,46.22022247,115973.2578
1,1,3,NA,162429.8438
1,1,3,16.60430145,73952.5625
1,1,3,11.94742203,39738.1875
1,1,4,14.54031563,83210.32031
1,1,3,5.474092007,72048.98438
0,1,2,7.891952038,93755.24219
0,NA,3,16.99515724,87118.07031
0,0,2,9.812487602,111656.5156
0,1,2,NA,78852.48438
0,0,1,1.803590775,30439.38281
0,1,2,21.58294678,NA
0,0,4,12.62802696,57353.69531
0,0,3,27.3486824,159488.4688
0,0,3,15.80085087,117018.4141
0,1,3,23.95832443,87360.33594
0,0,3,14.91074848,72668.55469
0,1,2,5.23308754,75155.66406
0,1,3,14.02498341,60376.39844
0,1,1,23.38194466,108329.9063
1,0,2,20.46306419,67269.5625
0,1,1,32.86017227,120965.9375
1,0,2,6.154991627,NA
0,1,2,NA,69836.9375
1,1,NA,13.72641277,13792.01367
1,1,4,4.870492935,87908.85938
1,1,3,13.01232529,54238.31641
0,1,4,NA,89023.99219
1,1,3,1.164703965,47843.01563
0,1,2,NA,87289.00781
1,0,2,4.39679575,0
0,1,3,12.68301678,46991.45313
1,1,1,1.854526281,0
1,1,3,34.42624283,NA
0,1,2,7.33468771,107840.9297
1,0,2,NA,NA
1,0,2,11.71425819,59649.93359
1,1,2,0,63641.73828
1,1,3,0,31837.26953
1,0,3,0,0
1,NA,3,14.40577507,NA
1,1,NA,32.47378922,84543.64063
1,1,3,25.78290558,108530.6875
0,1,3,5.290015697,30055.94922
1,1,3,10.85163116,43027.5625
1,1,4,14.89186954,87957.80469
1,1,4,0,45832.80078
0,NA,2,19.69578934,NA
0,0,3,NA,108231.2344
1,0,1,25.10430145,NA
1,1,3,9.123737335,75658.40625
1,1,2,7.69237566,31813.07227
1,1,3,9.448816299,89702.26563
1,1,2,1.813030958,31587.69141
0,1,2,24.53763771,NA
0,1,2,38.68483353,187732.4063
1,0,2,23.17990494,54785.76563
1,0,1,22.11827469,63237.93359
1,0,3,0.776060045,66788.55469
0,0,2,14.02052307,96780.16406
0,0,2,10.3218956,28190.49219
0,1,1,16.7039814,110205.375
1,1,3,12.0019474,NA
1,1,3,2.578772545,41759.92188
1,NA,1,6.028609276,0
0,NA,NA,27.03491974,107210.1484
1,1,4,0.056971479,50859.4375
0,1,2,27.14539528,98176.73438
0,0,NA,23.22883224,54963.03516
0,1,NA,12.0408535,63703.46484
0,1,2,NA,47228.96094
1,1,2,4.998801708,76877.58594
1,1,2,40.71801758,99787.64844
0,1,4,10.87035847,60366.17969
1,1,3,9.331987381,NA
0,0,1,25.37453461,156289.5313
0,0,3,3.774851322,34651.50391
0,1,2,28.34551239,111079.8594
1,NA,4,0,42970.20703
1,0,2,7.790324211,0
0,1,1,5.87648201,102392.3984
0,1,NA,16.633461,125124.4219
1,1,3,3.920475006,28393.95117
0,1,1,15.34103298,114333.3047
0,1,2,27.05753899,156408.7344
1,1,3,11.95606422,51002.83594
1,0,1,16.25195503,75319.78125
1,1,4,25.4535675,89669.80469
1,1,2,7.903702259,0
1,1,4,5.507553577,95114.0625
1,1,3,NA,61584.40234
0,1,3,14.76310253,53765.04297
1,NA,3,8.405033112,10642.38574
0,0,2,17.96043015,51008.22266
1,1,4,NA,73515.70313
0,NA,3,0,0
0,1,2,NA,63684.96484
0,NA,NA,12.63250351,18817.13281
0,NA,2,46.39681244,82479.75781
1,NA,3,NA,50187.32031
0,1,2,25.16214752,114103.4531
0,0,1,19.74365997,NA
1,1,2,5.200610638,36964.32031
0,1,3,21.6183033,63372.75781
1,1,4,17.21832466,55084.75781
0,NA,NA,26.18070984,81026.91406
0,1,1,37.18980026,106891.3359
1,1,4,4.058712959,80241.36719
0,1,NA,NA,99940.82031
0,0,3,28.08887482,108835.6016
1,0,3,12.13548565,NA
0,NA,3,NA,NA
1,1,3,2.538466215,82820.28906
1,1,2,NA,0
0,0,2,14.07065582,NA
1,NA,2,10.72020912,115530.2656
1,1,NA,13.15267467,87306.46094
1,1,3,NA,76339.04688
0,1,1,24.31582069,67228.86719
1,1,1,31.18525505,53819.66797
1,0,2,NA,77582.78906
0,1,2,NA,63505.66016
0,1,1,NA,64734.34375
0,NA,1,5.152460575,13490.67285
1,1,2,0,NA
1,1,1,19.78783035,25216.87109
0,1,3,17.44335938,95369.4375
0,1,NA,32.77693558,114866.6328
1,1,3,25.62069321,67107.13281
1,1,2,NA,NA
1,1,NA,2.365713596,61991.43359
0,1,1,17.34978676,67701.20313
0,0,3,6.989069462,47416.07813
1,0,2,NA,42911.14063
1,1,2,0,17566.66602
1,0,2,19.12480164,65302.67578
0,0,3,6.674509525,71957.90625
1,1,2,0,70902.88281
1,1,4,27.03509712,101066.4922
0,0,2,20.68067741,6221.95459
0,0,4,0,14330.06738
1,1,2,7.477404594,45330.26953
1,0,1,22.79913902,83836.19531
1,1,2,17.38003349,79902.05469
0,1,3,19.00740623,96334.04688
1,1,NA,10.94010353,63230.96094
1,1,3,0,68575.25
1,1,4,19.4713459,91413.39063
1,0,1,2.964007616,77191.35156
0,1,3,5.341400146,NA
0,0,3,20.1447525,174926.2344
1,0,1,3.560030699,35521.32813
1,1,3,15.63753414,54545.05469
0,1,2,26.55189896,104272.8203
1,1,3,18.81879234,48461.39844
1,1,3,26.40887833,95578.17188
1,0,NA,14.22519493,71146.38281
0,1,1,23.90346527,53339.41406
0,1,1,15.33341789,49437.625
1,0,1,19.81011772,32499.92773
0,1,NA,10.18352032,161289.6094
1,1,2,18.93513298,119091.6484
1,1,2,16.12731171,79441.99219
1,0,NA,10.22903252,135039.3438
0,1,1,29.05169678,155999.3594
0,0,1,21.33922195,66263.57031
0,NA,2,13.56299496,51638.83594
1,1,3,7.165465355,37259.44922
1,1,4,6.869654179,80996.47656
0,1,2,5.685321331,6383.010742
1,1,1,16.84057808,50305.45313
1,0,3,1.772069335,0
0,1,2,0,36638.35156
0,0,2,NA,105439.3281
0,1,2,36.35332489,176369.25
0,0,4,29.38781929,116928.3516
1,0,NA,29.5568428,128408.5156
0,1,3,NA,6251.401367
0,1,2,8.552698135,49474.44141
0,1,2,13.42727661,32092.6875
1,1,4,4.589696407,79698.78125
0,0,1,2.66624999,75936.05469
0,0,2,11.5643034,75768.45313
0,1,2,9.661829948,NA
0,1,1,5.224256516,28451.53125
0,1,3,NA,87183.25
1,0,1,19.81375122,63414.70703
1,0,3,21.19745255,NA
1,0,1,13.84067059,14588.73047
1,1,3,12.66900826,64276.10938
0,NA,4,17.54535675,130467.2734
1,0,2,19.16970062,61100.16797
1,0,1,1.352224112,320.3571167
0,0,4,22.97520638,NA
1,1,2,12.73558712,25663.63086
0,1,NA,NA,62326.85547
0,NA,NA,19.04801559,74688.64844
0,1,1,23.17074966,94168.6875
1,1,2,2.38428688,9868.927734
1,0,1,7.618133068,76232.96875
1,1,3,28.95876884,81876.65625
0,1,2,20.28708649,89880.96875
0,1,2,3.282959938,17925.82813
1,1,2,NA,93368.32031
1,1,NA,19.39480782,92685.625
0,0,1,17.34534264,74912.28906
1,1,NA,NA,65468.8125
0,1,3,NA,40391.375
1,1,3,8.276228905,81209.84375
1,NA,2,17.58235931,124404.9063
0,0,1,13.8326931,68340.45313
1,1,3,5.346642017,90872.67969
1,1,2,12.87919235,102990.125
0,0,2,23.2537899,53211.21484
0,0,1,20.86544228,43226.88281
1,1,3,0,109168.1016
0,1,1,NA,80074.90625
1,1,NA,15.9576292,58195.49219
0,1,1,9.589694977,NA
0,1,3,5.673354149,89863.29688
1,0,2,6.521093369,46567.49219
0,1,3,21.52916718,159250.7188
1,1,4,12.62209702,119129.2734
1,0,2,17.76349258,NA
1,1,3,10.04391575,80643.67188
0,1,2,10.64455223,56632.33984
0,1,3,9.985554695,56508.05469
1,0,1,14.398839,NA
1,1,3,6.916946888,33310.75
0,1,NA,12.54827881,46802.41016
0,1,2,11.32153225,73543.51563
1,0,2,7.115166664,16002.67676
1,1,3,14.98879147,72415.82031
1,0,3,8.842474937,26959.02148
0,1,3,8.557706833,88310.95313
0,1,2,10.88702965,39029.10547
1,1,3,4.411230564,90616.59375
0,1,3,18.27648735,69234.17969
1,1,1,20.16549683,92384.5
1,0,3,0,39669.80859
1,1,2,10.84654617,74652.60156
0,0,3,32.51465225,169720.3438
1,1,3,7.878293037,71099.70313
0,0,2,2.891571283,56721.72656
1,0,1,NA,122342.5156
1,1,4,NA,110941.3672
0,1,2,15.50919533,63335.75
0,0,3,NA,82996.91406
1,0,3,1.860244393,NA
0,1,3,36.29243088,144567.7656
0,1,2,34.66277695,169044.7031
1,0,2,24.93491745,79596.53125
0,1,2,18.36363983,58555.55469
0,1,3,8.997784615,NA
0,1,2,NA,126755.7188
1,1,4,0,84660.75781
1,1,3,14.9887619,118607.8906
1,1,2,17.35219002,64609.21094
1,0,1,1.547134995,42761.27344
1,0,NA,23.95788574,57809.69531
0,0,1,NA,49129.42188
0,NA,2,18.18992424,41091.55078
0,0,2,24.54598999,61334.12891
0,1,NA,11.49387455,112407.2813
0,1,1,20.23991966,NA
1,NA,2,15.35194397,22605.94922
1,1,3,28.07465935,48464.02734
0,1,1,36.28017807,83767.17188
1,1,1,32.09168625,47991.21484
0,1,3,31.50888252,100559.7109
0,1,3,27.17013741,122287.8594
1,1,4,NA,136498.5313
1,0,1,NA,30327.33789
1,0,2,6.134322643,26654.48438
1,1,2,0,29820.38867
1,1,2,13.94509506,10383.73828
1,1,1,2.400185347,0
1,1,NA,NA,0
0,1,2,18.99735069,113624.7656
0,1,3,NA,112074.8984
1,1,3,1.848361611,63945.71484
1,1,1,5.842717648,61914.60547
0,1,2,9.956189156,116303.3047
0,0,3,4.704968929,79443.09375
1,1,4,11.31257534,112685
0,0,1,9.849227905,10552.65332
0,1,1,18.68403625,76788.64063
1,0,1,25.00907707,102774.1719
0,0,4,9.451670647,71845.4375
0,0,4,8.463968277,NA
0,1,2,15.29543686,92510.07031
1,1,3,22.27336311,46949.76563
1,0,1,15.32002258,26704.2168
1,1,2,NA,8867.242188
1,1,2,NA,35112.20313
0,1,3,15.87824726,116459.9219
0,0,3,21.41398048,90775.47656
0,NA,2,NA,126030.4375
0,0,1,17.55129051,57898.48828
0,1,3,6.28172493,NA
1,NA,4,24.00460243,NA
0,0,2,10.63502884,27378.97852
0,0,NA,20.19443893,138210.2344
1,0,1,15.20073795,47173.81641
0,NA,2,41.52764511,127656.7734
1,0,3,0,77285.58594
1,1,4,NA,107603.2344
0,0,3,13.95744419,94563.8125
0,NA,3,22.15122414,100607.3281
0,1,1,21.48423767,66515.02344
0,1,1,10.03765297,74416.59375
0,1,1,0,30595.51758
1,0,3,7.380281448,90671.29688
1,1,NA,0,62681.93359
1,1,4,10.92808628,54596.875
1,1,2,6.611779213,23134.85742
1,1,4,16.85817146,57473.60547
1,0,NA,17.86401939,28443.97266
0,1,1,15.99165249,61853.85156
1,1,2,10.15806007,46056.28516
0,0,1,NA,49331.17969
1,1,4,18.49534798,29331.90625
0,1,2,6.368590832,12965.2627
1,1,3,5.739952087,66517.78125
0,1,NA,28.59909439,117732.5234
0,NA,3,31.95980072,122691.7188
1,1,3,31.95085907,2817.01709
0,1,1,21.84720802,52466.48047
0,0,2,39.21760178,99218.34375
1,0,NA,10.65736485,38143.98438
1,1,2,12.24052143,56020.15625
0,1,3,0.977788985,37403.41797
1,1,4,4.292569637,90184.9375
1,1,4,NA,68832.89063
0,0,2,6.550717831,10137.33203
1,0,1,32.53239822,63450.07813
1,1,2,14.48249435,88823.53906
1,0,2,21.17645836,84875.39063
0,1,2,25.53615189,NA
1,1,3,16.74154282,109332.8359
0,1,1,8.005680084,30672.73047
0,NA,2,25.97059059,117300.5547
0,1,3,30.88666344,113345.1641
0,0,2,19.79936028,100620.8516
1,NA,2,2.427768469,49413.73047
1,1,3,0.971530139,47272.89453
0,1,2,27.11338806,89297.34375
1,1,3,12.25857925,58032.81641
1,1,2,21.30976295,63546.90234
0,1,1,21.88125038,116423.5703
0,0,1,NA,0
1,1,4,0,19468.4707
1,1,3,20.40231133,78684.35156
1,NA,3,25.43065262,86649.05469
0,1,4,18.24051476,125178.1875
0,1,2,28.78597069,127904.0625
1,1,2,3.716761827,16857.77344
1,1,4,19.47243881,85701.07813
1,1,2,0,49589.42578
1,1,2,11.42793274,NA
1,1,2,12.06513786,48103.35156
0,1,2,33.99585342,100765.6016
1,1,NA,22.89782143,29365.19336
0,1,2,13.91836548,69728.60156
0,0,3,13.79401684,80513.44531
0,1,2,23.98778343,NA
0,0,2,15.00453091,8923.023438
1,0,1,6.211941242,29342.77344
1,1,4,9.556491852,96418.39844
0,NA,3,18.38492584,68660.22656
0,0,NA,9.579953194,32673.21484
0,1,NA,0,61456.73047
0,0,1,13.60114002,64354.48828
0,1,2,25.37671471,113421.6172
0,0,NA,NA,45024.49609
1,1,3,20.72130585,147714.0938
1,1,NA,19.28129959,21731.48633
0,1,NA,22.61237526,74862.57031
1,1,1,22.37731743,46553.82813
1,0,2,4.585076332,19828.6582
0,1,2,26.27056885,48138.75
0,1,2,33.37366104,106845.625
1,1,3,17.81877899,25788.98438
0,1,3,NA,100867.1641
0,0,NA,15.82385159,62616.72656
1,0,NA,12.89157295,46634.04688
0,NA,4,33.39536667,NA
0,NA,1,8.823469162,40877.8125
0,0,2,10.94389248,NA
1,1,4,12.75208473,NA
0,NA,4,5.082193851,157142.6563
0,1,3,45.80804443,121155.3359
0,0,4,27.06894875,100161.4375
0,1,NA,10.20407486,NA
0,0,4,36.26220322,96690.07031
0,1,3,17.69838142,87653.09375
1,0,2,21.3032341,87117.375
1,NA,4,NA,63432.71094
1,1,4,17.41297722,104695.3438
1,0,1,1.954825997,7196.237793
1,1,3,NA,93634.08594
0,1,3,27.36507607,134523.25
0,0,NA,27.52532196,90406.99219
1,1,2,10.52537632,45600.97266
0,1,1,29.14197922,75193.91406
0,0,2,17.70233917,149837.7344
1,1,4,7.52298069,42233.01172
0,0,NA,19.21083069,79147.24219
0,1,3,21.90650558,NA
1,1,3,19.84902382,94642.14063
0,0,1,32.76505661,77681.78125
1,NA,NA,10.2125473,83.24062347
0,NA,3,NA,99087.02344
0,1,4,9.154314995,138216.5938
1,NA,4,0,25097.76367
1,0,1,33.36651993,58825.58203
0,0,2,20.75128746,117666.4922
0,1,NA,16.95033264,31149.2207
0,0,1,27.24686432,126656.8125
1,1,3,4.030753136,28655.73633
0,1,NA,NA,63703.24219
1,1,4,8.234149933,100280.3438
1,1,3,16.26436424,58268.96094
0,NA,3,18.0105648,117507.8281
0,1,1,5.996226311,32500.97461
1,1,1,8.000853539,NA
0,0,2,5.543128014,42249.64453
0,1,NA,8.700022697,32730.42773
1,0,1,NA,80833.74219
1,1,3,10.94881535,84317.3125
1,0,2,26.58633041,106250.7578
0,1,NA,4.93712759,112027.2969
1,1,4,2.758250952,47103.90234
1,0,1,8.610782623,51711.0625
1,1,2,NA,43496.17578
0,1,1,20.93117332,75071.38281
0,NA,NA,15.19705582,73563.32031
1,1,2,NA,6338.158691
0,NA,NA,0,33561.92188
0,1,NA,20.00131035,121990.0078
1,1,3,10.43123531,106518.0703
1,0,2,25.21006203,14515.90332
1,1,3,12.29541683,NA
0,0,2,24.6256218,62852.67578
1,NA,3,18.90289116,73169.76563
1,1,2,13.71356487,22556.18555
0,1,2,16.30913162,NA
1,1,3,0,84936.42188
1,1,2,23.13805008,56260.86328
1,NA,4,0,105487.2109
0,1,2,27.79158401,104111.7656
1,1,3,22.41974068,21485.00586
1,0,1,13.73294926,8219.785156
1,1,3,15.25702286,117896.9609
1,1,2,4.561819553,54561.74219
1,0,2,11.15773869,0
1,1,3,16.65763855,79414.875
1,0,3,19.31542206,35855.50781
1,1,3,1.699646831,54722.01563
1,1,1,15.36698437,NA
0,0,2,NA,69089.66406
0,1,2,25.4685688,93677.34375
0,0,3,16.26382637,NA
1,1,NA,NA,87628.98438
0,1,1,23.25551796,90267.29688
1,1,NA,17.33406067,41767.13281
0,1,3,13.8631525,73913.08594
1,0,2,0,41359.22656
0,1,1,15.79115582,53788.03906
1,1,2,0,0
0,NA,4,20.724123,126801.1797
1,1,1,10.98714066,81557.05469
0,NA,3,20.59101295,105602.2266
1,0,3,18.94122696,84775.20313
1,NA,2,20.3764267,84908.51563
0,1,2,15.15433979,97098.8125
1,1,2,NA,48050.40625
0,1,1,27.6662426,109893.9922
1,0,NA,2.708146334,10329.7627
0,1,1,23.62203979,NA
1,1,2,0,3854.378662
0,1,3,10.04677296,78274.57031
1,0,3,5.881589413,92600.17969
1,1,3,10.2098999,106866.6328
0,0,2,25.99822426,80994.92969
1,1,2,14.24766159,2028.391235
0,1,1,9.240343094,43064.96875
1,1,2,16.21418953,38935.60547
1,1,3,12.22221184,73251.41406
1,1,4,7.806298733,77126.52344
1,1,4,19.99521065,64018.15234
1,NA,2,9.694720268,57266.875
1,1,3,17.29981995,NA
1,NA,2,12.08067608,41868.09375
1,1,4,25.63546753,79435.33594
1,1,3,0,NA
0,0,4,20.15732765,66527.64844
1,1,3,6.852170467,36169.76563
0,0,1,NA,70425.10156
1,NA,2,2.904442549,104837.6953
1,NA,2,14.11353588,35310.25781
0,1,2,25.08414459,92094.10938
0,NA,NA,4.83823967,NA
0,0,2,25.77371025,90603.17188
0,0,3,26.30779648,167321.9063
1,1,4,6.035841942,56211.06641
0,1,NA,31.26401901,81533.34375
1,1,4,8.577527046,NA
0,0,1,30.05595589,110979.5391
0,0,2,18.64339447,96145.53125
0,NA,3,25.43569756,NA
1,1,2,0,NA
1,NA,3,13.75032043,55164.31641
1,0,3,31.9455719,160519.0781
1,0,2,NA,13972.20996
0,1,NA,4.937314034,26021.27344
1,1,3,12.97667503,16750.46289
0,1,2,6.962424278,95128.84375
0,1,3,18.0215435,81480.23438
1,1,4,NA,83885.95313
0,0,NA,8.854154587,55474.53516
1,0,1,26.04704285,75462.48438
1,0,1,22.17097664,80112.94531
1,0,2,NA,65134.10156
0,0,4,2.525357485,77289.71094
0,1,3,9.969578743,107400.3281
0,0,1,9.899168968,40060.84375
0,1,4,13.40684319,NA
0,1,2,16.55305672,127231.8906
1,0,2,23.7884922,110361.9688
0,1,2,22.59480667,81791.86719
1,0,NA,19.85900116,14879.43945
1,1,3,NA,116974.8438
0,1,2,34.22441101,NA
1,1,3,14.35775948,110687.3359
0,NA,NA,17.49328613,NA
0,0,3,13.1540556,79565.02344
0,1,1,16.63007736,29636.39258
0,1,3,16.49006462,65032.48828
0,NA,3,5.197439194,78500.3125
0,1,3,NA,73335.42188
1,1,2,13.95398903,32690.47656
1,0,2,0,637.5699463
0,1,2,20.99504852,106725.2422
1,0,3,NA,73234.875
1,1,3,15.96858978,97080.02344
1,0,1,5.37147522,18426.43945
0,1,3,14.74222374,27240.04297
1,1,3,4.33767271,66306.69531
1,1,3,NA,88674.11719
1,NA,NA,15.77809906,45979.71094
1,1,3,0.596835136,49166.42188
0,0,2,0,NA
0,1,2,16.59136772,93502.22656
1,1,4,10.62773895,131751.5469
1,0,2,11.29079914,106897.0547
1,1,2,17.02677727,7840.623047
0,1,2,12.67266273,21772.73438
1,0,2,0,28639.44141
0,1,3,17.2331295,55298.88281
1,0,2,0,54741.65234
1,0,2,14.21993542,63018.26953
0,1,2,27.40096092,100058.8672
1,1,3,9.92894268,72700.89063
1,1,2,1.038713694,19195.32617
0,1,1,19.91296196,35612.05469
0,1,NA,21.97672653,101285
1,1,3,3.479602575,61299.88672
0,1,1,15.97591782,47668.21875
1,1,3,4.820244789,57575.78516
0,1,3,21.75244331,133893.125
0,1,1,9.579810143,NA
0,1,2,8.609995842,82081.66406
0,0,NA,NA,57826.82031
1,0,1,8.52508831,0
1,0,2,2.897722721,31581.68555
1,1,3,0,96179.57813
1,0,NA,14.67274666,69718.46875
1,0,1,0,40164.69922
0,1,2,NA,10070.08008
0,1,3,22.27351952,83741.96094
0,0,1,29.12480545,135830.4531
1,0,3,21.45847511,87965.35156
1,NA,3,8.988862038,45909.625
0,1,3,21.23289108,124034.2891
1,1,NA,31.06626892,54708.0625
1,NA,1,14.59681225,137705.0469
0,0,1,NA,78964.95313
1,1,1,11.54531097,91788.25
1,1,2,7.581929684,23090.9082
1,1,4,14.41778469,51176.91406
0,0,3,19.49438095,77122.94531
0,NA,NA,15.40374279,89420.27344
0,0,3,NA,53367.88281
1,0,2,14.9391861,50151.71484
0,1,NA,NA,31011.67969
1,1,4,0,107560.4297
0,1,2,16.52405739,46452.85938
1,1,3,23.05228996,13913.65234
0,1,3,16.63129234,94307.91406
0,1,3,21.23142242,143335.25
0,NA,NA,4.727758884,72051.23438
0,1,1,30.46378517,40347.43359
1,1,3,3.121480703,53353.61719
0,0,1,NA,11338.01855
1,1,4,0,66637.14844
0,1,1,10.02863884,102350.1172
1,1,3,3.957247496,63143.44922
0,1,2,8.248298645,102481.1641
1,1,2,NA,21227.38867
1,1,3,18.4713707,98089.14063
1,NA,1,16.94329643,81871.33594
1,1,3,26.9893074,131009.1094
1,1,4,19.5620594,39456.5625
0,1,2,19.05516624,45841.37109
1,0,2,NA,NA
1,1,1,24.2845974,14788.05176
1,NA,2,11.63482475,43195.53516
0,1,3,NA,137237.0156
0,1,2,38.02736282,127293.7422
0,NA,3,41.14570618,227465.1563
1,1,4,0,58667.46484
0,1,3,15.02981186,36846.04297
1,0,2,1.045445561,31170.31055
0,1,1,NA,66153.88281
0,1,NA,21.17786598,143664.0313
1,0,2,12.9372139,NA
0,1,2,14.06110477,48278.30078
1,0,1,32.60546875,91798.04688
0,1,1,6.538938999,36860.43359
0,0,1,7.181313038,48430.64844
1,1,3,9.351980209,93248.82813
1,0,2,10.77789211,40400.3125
0,1,1,NA,22864.3125
0,1,3,5.820630074,50235.8125
1,0,3,17.00740242,NA
1,1,NA,0.608247638,65912.60938
1,1,2,37.36129379,85174.36719
0,1,2,30.00351524,144402.7344
1,0,3,5.790688992,75821.32813
0,0,1,32.12248611,58822.14453
1,1,3,18.44560432,84201.9375
0,1,1,28.53887177,NA
0,1,2,20.96888542,90798.32031
0,1,4,24.94317245,119899.6953
0,0,2,NA,56327.57422
1,1,2,25.51436234,NA
1,1,3,3.572811127,0
1,0,2,10.18746376,21682.59766
0,1,3,27.72223091,119038.5391
1,1,3,2.494255066,31557.5
0,1,2,16.09428215,78756.28906
1,0,3,25.07411385,92498.41406
1,1,2,10.72632599,37457.73828
0,0,1,NA,58716.91797
1,1,3,19.89779663,78521.07813
0,0,2,20.46276283,76519.53906
0,1,2,1.789800406,46907.06641
0,1,2,5.85261488,24753.47656
1,0,1,6.570213795,30272.26953
1,NA,2,18.72456741,83119.34375
0,1,NA,17.90243149,66992.64063
1,0,1,24.04624748,24829.4082
1,0,NA,25.23640251,34144.07813
0,0,2,22.38372612,109644.5156
0,1,1,13.82722759,46720.20313
1,0,1,NA,NA
1,1,NA,9.11611557,59954.64453
1,1,3,17.87054062,56406.96875
0,1,2,3.425337791,50819.01953
1,0,2,17.59431839,NA
0,1,1,3.144599438,66236.44531
0,1,1,8.193336487,87449.9375
0,0,2,16.11417198,5326.219238
0,1,NA,15.8733263,138159.7188
0,1,1,14.92402363,46531.76953
1,1,4,25.59831047,71616.85156
0,NA,NA,1.013399839,9892.836914
0,1,2,27.56766891,NA
0,1,1,15.95181942,123821.1875
1,1,2,0,30624.58008
1,0,NA,13.27148438,71473.82813
0,1,1,28.81807137,77380.03125
1,1,3,17.43319511,110685.4844
1,1,3,22.7140789,64653.75781
1,NA,3,22.2468071,9721.606445
1,NA,1,0,13899.14453
0,1,3,8.759474754,111694.9297
0,0,3,3.494407415,57558.01563
0,NA,2,28.5548439,NA
0,1,2,22.49925232,104852.1875
0,1,2,22.26535988,86732.84375
1,1,4,23.20355606,75247.63281
0,NA,3,23.09569931,117846.0625
1,0,4,15.28978634,17989.51953
0,1,2,25.89303398,96178.50781
0,NA,1,0.689468563,NA
0,1,2,29.68924904,127286.3594
0,0,2,20.82402229,86995.96875
1,1,1,0,37394.46875
0,1,2,15.60071278,NA
0,0,1,13.56365967,70609.66406
0,1,4,11.27466583,129263.9766
0,1,3,24.13882828,99484.86719
1,1,3,9.749423981,27380.83203
0,1,1,26.48648643,109531.1094
1,1,3,NA,45208.56641
1,0,2,9.851974487,306.2792664
0,1,3,10.83512974,NA
1,1,3,0,NA
0,NA,2,NA,71810.42969
0,0,2,16.61487579,103539.5
0,1,1,24.04291153,88140.08594
1,1,3,30.76877975,86123.14063
0,1,NA,43.99834061,101746.9609
1,1,4,11.25685787,48087.85156
1,1,3,5.871031284,56900.08594
1,1,3,22.56368065,NA
0,1,2,29.31468391,132954.1406
0,0,2,18.82838058,57709.37109
0,1,3,8.67647171,59595.91797
0,0,1,NA,53777.73828
1,0,3,NA,32962.06641
0,1,4,0,158521.0625
1,1,4,16.56992531,91807.72656
1,1,2,10.12082958,41636.36719
1,0,1,26.71413422,101530
0,0,3,19.4600544,94251.80469
1,1,3,14.60888672,36475.15625
1,1,3,16.88497353,66278.71094
0,1,1,12.63868618,NA
1,0,2,7.972752571,NA
0,0,2,19.97901726,93474.45313
1,1,4,11.95607376,53743.97266
0,0,2,21.28523636,104361.1641
0,0,4,12.03362942,96982.91406
0,1,2,NA,85077.25
1,1,2,0,7827.249512
1,1,2,0,55614.27344
1,NA,2,7.808186531,60756.16406
0,1,3,8.436882019,90218.35938
1,1,3,NA,NA
1,1,NA,1.658487916,54378.125
1,1,4,6.98306036,97717.59375
1,1,3,12.44213295,80540.57031
1,1,4,0,85204.875
0,1,2,10.19398689,35527.82813
0,1,4,21.1133728,156564.2813
1,NA,3,16.67157555,71348.92188
0,0,3,16.12477875,96752.92969
1,0,3,6.504813671,87194.39063
1,NA,2,6.407453537,NA
0,1,1,30.96866798,60850.76172
0,1,1,NA,NA
1,1,2,7.723261356,69942.96875
1,NA,3,41.80284119,109576.4609
1,1,4,8.976593971,79143.98438
0,1,3,25.85003471,64661.73828
1,0,3,0.898707628,76031.49219
1,1,2,NA,0
0,1,3,4.959574699,474.0856628
1,1,2,10.96025372,74332.23438
0,1,1,25.49630737,27933.72852
1,NA,2,17.06817818,54811.30078
0,1,NA,15.30758476,92107.92188
1,0,1,25.01459694,93750.76563
0,0,3,22.15345383,81015.45313
1,1,3,0.423808157,56892.37891
0,1,3,0,25022.29492
1,1,2,23.50379753,53655.62109
0,1,1,4.317084789,13140.91699
0,1,3,18.25832176,116768.8281
1,0,1,26.93657112,NA
0,1,NA,18.65995789,59932.34766
1,1,2,24.64590263,142010.4531
0,1,2,0,0
1,1,NA,22.71715736,26811.02734
1,1,2,0,13590.56738
0,1,2,18.37960815,64242.55078
1,1,4,14.06721306,77079.11719
0,1,3,1.751297832,78741.20313
0,0,2,31.44594383,NA
0,1,NA,37.02126312,144471.75
0,1,2,17.25749397,98371.53906
0,0,2,30.6564064,114108.5
1,1,2,23.25715256,75510.01563
0,1,2,16.2017231,NA
0,1,2,27.80979156,52784.60938
1,1,NA,6.536860943,28637.44336
1,0,1,8.719875336,70368.26563
1,1,NA,14.12315273,125066.0625
0,1,2,12.53275967,79988.54688
1,NA,1,10.84059715,NA
0,1,1,10.15466404,26350.66797
1,1,3,7.2932868,115145.2188
0,0,3,17.75300407,98991.08594
1,1,3,7.318042755,39616.84766
1,0,2,7.370892525,61930.05078
1,0,1,14.81366348,NA
0,1,2,23.32014847,47931.72266
1,1,2,23.79787636,94273.20313
1,0,NA,3.577035666,13824.8457
1,1,4,17.9105835,80453.99219
1,1,4,5.559130192,138101.875
0,1,2,25.36914825,102156.6719
1,0,NA,12.96880913,NA
0,1,1,10.96005249,23497.6875
0,1,NA,19.42576981,NA
0,1,1,7.161334038,NA
0,NA,4,29.61884689,143575.3438
1,0,1,1.372673154,14710.98633
0,1,2,16.7633152,70592.33594
0,1,3,16.16190338,92856.60938
0,0,2,4.395293713,25876.91992
0,1,4,32.85815048,129556.0859
0,0,NA,0.339417934,2251.726074
1,0,1,NA,60238.93359
1,1,4,0,120891.4766
1,1,4,23.45426178,131714.7188
0,1,3,7.265272617,90670.83594
0,0,2,5.467150211,65761.92188
1,1,3,27.72771263,108960.6797
0,1,2,23.68804169,82723.63281
0,1,2,39.3932457,131526.4844
0,0,2,0,11992.78418
1,1,4,9.38620472,67877.47656
0,1,2,5.139975071,71582.29688
0,0,3,NA,NA
0,1,1,16.23129845,61669.02734
1,1,3,NA,72354.27344
1,0,1,8.817122459,NA
1,1,2,0,20142.18555
0,0,3,6.957260132,98568.01563
0,1,2,19.97815895,NA
0,0,2,5.228939056,45581.63672
0,1,2,10.59978294,80661.64844
0,1,2,13.1996479,99316.49219
0,0,NA,11.30418777,117731.5781
0,1,2,NA,38825.55469
0,1,2,24.34516144,129288.9531
0,1,2,NA,92745.24219
0,1,4,21.82296181,127584.2422
1,1,2,7.887138844,54168.64063
1,NA,NA,20.18256569,117853.4141
0,1,3,24.13798904,116709.2891
1,1,3,12.99782658,29457.00781
1,0,1,2.394182444,27221.57031
0,1,2,20.9876709,85224.16406
1,1,3,0,3412.465088
0,1,2,19.39242744,115571.2344
0,0,2,NA,12679.40234
1,1,2,31.12256622,0
1,0,3,17.25091362,85203.6875
0,1,3,2.898462534,35846.74219
1,0,1,13.23112106,NA
1,NA,1,8.331784248,11214.10449
1,NA,3,23.01358795,60019.51563
0,0,2,29.06491852,74268.69531
1,1,3,8.956432343,53694.14453
1,0,1,3.956285238,16369.89453
1,0,2,0,33994.13281
0,0,1,15.90177345,21026.08398
1,0,2,34.2506218,76348.52344
1,1,2,21.96145821,39986.18359
1,1,3,NA,22949.75
1,0,3,19.48698616,101594.8047
1,1,3,4.42536974,NA
0,0,3,19.99266052,123924.3516
0,NA,3,5.427253723,123022
0,1,1,31.40210724,131468.6406
1,1,2,21.89987373,102881.3203
0,0,NA,9.934620857,25404.27148
0,0,2,12.45987797,NA
0,NA,4,21.18932152,117091.7969
1,NA,NA,8.763285637,61779.60156
0,1,3,0.696938574,53127.11328
0,1,2,17.16498566,75937.50781
1,1,4,30.40113449,103101.9688
0,1,1,13.94816113,93666.58594
1,1,4,0,63373.13672
0,NA,1,22.81076622,109274.0078
1,0,NA,NA,30894.27734
0,0,NA,17.40128136,90162.07813
0,1,2,13.0688448,33488.51953
0,1,3,11.13022232,33561.02734
1,1,2,11.26795769,40827.12109
1,1,3,0,53312.26953
1,0,1,18.81622124,NA
0,1,2,28.99740982,106331.5078
1,1,NA,6.423624992,56007.82813
1,0,1,10.01783657,60074.96484
0,1,4,0.231418192,75743.36719
0,0,NA,43.15300751,142662.7969
0,1,2,23.2001667,101358.3672
1,1,2,5.170099258,26939.88281
0,0,4,NA,88368.46875
0,1,1,25.82331085,27752.85742
0,1,1,7.467262268,NA
1,0,2,0,28161.52734
0,1,1,21.05607986,NA
0,1,2,12.34390736,121041.0625
0,1,2,18.39140129,17413.19141
1,1,2,17.13600922,31793.0625
1,1,NA,2.950878382,NA
0,1,3,4.571913242,39581.84766
0,NA,3,23.13074493,82048.53125
1,1,NA,0,72771.03906
0,1,2,29.12457085,64459.73047
0,1,2,9.254855156,NA
1,1,3,23.57463455,90487.36719
0,1,2,7.428008556,29254.0957
1,1,3,4.276640415,64954.8125
0,NA,NA,21.52688599,67834.51563
1,1,3,22.39164162,108209.6172
1,1,NA,12.16603851,17008.3418
0,1,2,10.56357288,79176.07031
1,1,4,2.436465502,2871.673584
1,1,3,18.56636429,79940.5625
0,0,3,15.22670364,150679.75
0,1,2,1.039881945,6587.639648
0,1,NA,15.45856667,52307.02344
0,1,NA,5.018116951,20804.99805
0,1,2,21.52201462,97246.67969
1,0,1,15.24120903,NA
0,1,2,11.8182354,23040.74414
1,1,2,17.361763,47088.05859
1,1,4,1.581019878,66327.4375
1,1,3,15.37713528,64422.20313
0,1,2,NA,76678.41406
0,0,1,18.47436333,11609.6123
0,1,NA,21.66408348,132947.9375
0,0,2,21.43874741,80039.32031
0,1,NA,20.69929886,NA
0,0,2,4.657119274,30969.44531
0,1,3,21.20716476,80572.78906
0,0,2,20.22644806,103405.1953
1,1,3,0,20647.72266
0,NA,4,18.70186996,144107.8906
0,1,3,23.17617798,146481.2031
0,1,2,18.25256157,77719.23438
1,1,3,0,79229.48438
0,NA,2,1.779367566,13969.76465
1,0,1,NA,42173.92578
1,1,4,14.04163647,132578.4063
0,1,2,19.66649818,106044.875
1,NA,4,6.92950964,24954.32031
1,0,3,14.56338024,92225.03125
0,NA,2,21.84919357,77784.71094
0,0,3,NA,102259.1563
0,0,2,23.01001167,74188.21875
0,0,3,21.15750313,126267.1172
0,1,2,19.67225838,94208.09375
1,0,4,21.85180664,NA
1,1,4,13.84261036,115543.2031
0,1,3,24.23658562,141342.0938
1,0,3,7.98841095,87796.28906
1,1,3,NA,46301.64844
1,0,NA,17.5749073,97234.10156
1,1,2,0,0
0,1,NA,17.52209663,76845.20313
0,0,1,4.201813698,7368.349609
1,0,2,23.16335678,4254.657715
1,1,1,0,76215.21094
0,0,1,6.992839813,67127.625
0,0,1,NA,124895
1,0,4,13.20824432,48165
1,0,3,3.010834217,93357.70313
0,1,2,26.50078583,77934.03125
0,1,1,15.91658688,54854.375
1,1,2,19.35293198,50556.05859
0,1,2,46.73693466,160963.6094
1,0,2,17.62465286,23184.67578
1,1,NA,6.906342983,49427.63672
1,1,2,23.66425896,47565.18359
0,NA,1,36.01358414,NA
1,0,4,16.37096405,42708.69922
1,1,2,6.472778797,NA
1,0,1,15.42387581,58589.60938
0,0,1,24.1886692,36821.15234
0,1,1,7.884699345,NA
1,1,NA,0,NA
1,0,3,19.23828888,70612.20313
1,1,NA,24.38954353,138368.5781
1,1,3,26.6904335,NA
1,0,3,0,33495.96875
1,0,2,16.0236702,NA
0,1,3,14.94196701,99836.28906
1,1,NA,13.96784496,35342.86719
1,0,1,36.65449905,42230.44922
1,NA,2,17.095644,44555.78516
0,NA,2,29.60737419,70272.26563
1,0,1,22.80898857,29376.26758
0,1,2,0.926326036,52379.99609
1,1,4,32.1187439,152314.7344
0,0,2,32.90299225,83753.60156
1,NA,3,4.390725136,58062.77734
1,1,2,21.37441444,10949.03027
1,0,2,0.03144823,16298.05859
1,0,NA,16.40314484,NA
0,0,2,20.70470047,91679.92969
1,NA,4,22.83477783,118517.8516
1,1,NA,20.6079464,117143.3828
1,0,2,14.45286942,24128.81641
1,0,1,24.38764191,65575.85938
0,0,3,2.872589111,80333.27344
1,1,2,12.82743549,19935.7793
0,1,2,0,NA
1,1,3,3.060276508,22755.13672
0,1,1,10.99710464,53038.09766
0,1,3,NA,146652.8906
0,1,3,NA,NA
0,1,4,10.28189182,89393.44531
1,1,3,0,90737.51563
0,0,3,11.22468948,72374.67969
1,1,3,NA,63961.10547
0,1,2,NA,93824.65625
1,1,2,NA,20202.37305
0,1,1,14.86313248,59276.95313
0,1,NA,18.18856239,65273.29688
1,1,4,0,34874.08203
0,1,NA,20.34490967,129631.9609
1,0,1,16.57210732,47197.78906
0,1,2,21.08490944,79826.66406
0,0,1,19.03993225,32933.12891
1,0,2,13.03003502,26762.7793
1,1,4,3.609050035,65684.60156
0,0,2,23.85095215,76574.03125
1,1,2,13.68774033,1738.109253
0,0,2,31.02772713,74059.55469
1,1,1,0,26839.67383
0,0,2,17.73534775,92101.77344
1,NA,3,28.38720512,117451.6016
0,0,NA,9.476325989,44516.95703
1,1,3,6.742058754,NA
0,0,2,NA,74889.80469
1,1,4,0,30097.5293
1,0,1,19.44763756,81283.89063
0,1,2,16.69187355,80833.89844
0,0,NA,21.9451561,35778.21484
1,1,2,4.239439487,82275.50781
0,0,1,14.45021534,54125.36328
1,1,2,10.28160667,58479.14063
1,NA,3,10.13933372,NA
0,1,1,44.50694656,84434.64844
1,1,4,9.719844818,141647.6094
1,1,3,NA,117317.1484
1,1,2,3.533228636,2396.481689
1,1,4,19.50754356,105662.625
0,0,1,20.00874138,85425.42188
1,1,2,0.395831376,0
0,1,1,42.36702728,97294.09375
0,1,2,28.43251419,NA
1,1,2,31.01316261,80634.09375
1,1,3,25.43326759,139319.0156
1,0,1,30.44325066,0
0,0,3,25.24662018,128548.7578
0,0,2,21.88600731,NA
1,0,1,16.61458969,0
1,0,2,10.68544483,28155.04688
0,1,3,14.31272125,16781.2207
0,0,2,29.93267441,NA
1,1,NA,9.713861465,1815.0896
0,1,2,NA,94236.42969
1,1,3,37.32192612,NA
1,0,2,0,67397.41406
0,0,3,35.15434265,NA
1,1,3,12.8922205,48033.35156
1,1,4,8.605360985,74244.77344
0,1,3,21.54701233,NA